#
# There is insufficient memory for the Java Runtime Environment to continue.
# Native memory allocation (malloc) failed to allocate 2046896 bytes. Error detail: Chunk::new
# Possible reasons:
#   The system is out of physical RAM or swap space
#   This process is running with CompressedOops enabled, and the Java Heap may be blocking the growth of the native heap
# Possible solutions:
#   Reduce memory load on the system
#   Increase physical memory or swap space
#   Check if swap backing store is full
#   Decrease Java heap size (-Xmx/-Xms)
#   Decrease number of Java threads
#   Decrease Java thread stack sizes (-Xss)
#   Set larger code cache with -XX:ReservedCodeCacheSize=
#   JVM is running with Unscaled Compressed Oops mode in which the Java heap is
#     placed in the first 4GB address space. The Java Heap base address is the
#     maximum limit for the native heap growth. Please use -XX:HeapBaseMinAddress
#     to set the Java Heap base and to place the Java Heap above 4GB virtual address.
# This output file may be truncated or incomplete.
#
#  Out of Memory Error (arena.cpp:168), pid=4272, tid=22420
#
# JRE version: OpenJDK Runtime Environment (21.0.10) (build 21.0.10+-14961533-b1163.108)
# Java VM: OpenJDK 64-Bit Server VM (21.0.10+-14961533-b1163.108, mixed mode, tiered, compressed oops, compressed class ptrs, g1 gc, windows-amd64)
# No core dump will be written. Minidumps are not enabled by default on client versions of Windows
#

---------------  S U M M A R Y ------------

Command Line: --add-opens=java.base/java.lang=ALL-UNNAMED --add-opens=java.base/java.lang.invoke=ALL-UNNAMED --add-opens=java.base/java.util=ALL-UNNAMED --add-opens=java.prefs/java.util.prefs=ALL-UNNAMED --add-exports=jdk.compiler/com.sun.tools.javac.api=ALL-UNNAMED --add-exports=jdk.compiler/com.sun.tools.javac.util=ALL-UNNAMED --add-opens=java.base/java.util=ALL-UNNAMED --add-opens=java.prefs/java.util.prefs=ALL-UNNAMED --add-opens=java.base/java.nio.charset=ALL-UNNAMED --add-opens=java.base/java.net=ALL-UNNAMED --add-opens=java.base/java.util.concurrent=ALL-UNNAMED --add-opens=java.base/java.util.concurrent.atomic=ALL-UNNAMED --add-opens=java.xml/javax.xml.namespace=ALL-UNNAMED --add-opens=java.base/java.time=ALL-UNNAMED -Xmx1536m -Dfile.encoding=UTF-8 -Duser.country=PL -Duser.language=pl -Duser.variant -javaagent:D:\Downloads\android-studio-SDK\.gradle\wrapper\dists\gradle-9.4.1-bin\arn2x92ynaizyzdaamcbpbhtj\gradle-9.4.1\lib\agents\gradle-instrumentation-agent-9.4.1.jar -agentpath:C:\Program Files\SentinelOne\Sentinel Agent 25.1.3.334\SentinelJava64.dll=extendedCapabilities org.gradle.launcher.daemon.bootstrap.GradleDaemon 9.4.1

Host: Intel(R) Core(TM) i7-8565U CPU @ 1.80GHz, 8 cores, 15G,  Windows 11 , 64 bit Build 22621 (10.0.22621.6931)
Time: Thu May  7 21:07:40 2026 elapsed time: 13785.454615 seconds (0d 3h 49m 45s)

---------------  T H R E A D  ---------------

Current thread (0x0000017f9a4874f0):  JavaThread "C2 CompilerThread2" daemon [_thread_in_native, id=22420, stack(0x00000002c6e00000,0x00000002c6f00000) (1024K)]


Current CompileTask:
C2:13785454 48212   !   4       com.android.tools.r8.internal.d91::a (4378 bytes)

Stack: [0x00000002c6e00000,0x00000002c6f00000]
Native frames: (J=compiled Java code, j=interpreted, Vv=VM code, C=native code)
V  [jvm.dll+0x6d78a9]
V  [jvm.dll+0x8665b3]
V  [jvm.dll+0x868bde]
V  [jvm.dll+0x8692c3]
V  [jvm.dll+0x280ee6]
V  [jvm.dll+0xc07cd]
V  [jvm.dll+0xc0d03]
V  [jvm.dll+0x3ba0cb]
V  [jvm.dll+0x385df7]
V  [jvm.dll+0x38526a]
V  [jvm.dll+0x249bd2]
V  [jvm.dll+0x2491a1]
V  [jvm.dll+0x1c76e4]
V  [jvm.dll+0x25891e]
V  [jvm.dll+0x256e66]
V  [jvm.dll+0x3f513e]
V  [jvm.dll+0x80fd28]
V  [jvm.dll+0x6d60fd]
C  [ucrtbase.dll+0x29333]
C  [KERNEL32.DLL+0x1259d]
C  [ntdll.dll+0x5afb8]


---------------  P R O C E S S  ---------------

Threads class SMR info:
_java_thread_list=0x0000017faa1a6580, length=92, elements={
0x0000017ff0cd5390, 0x0000017ffb515a80, 0x0000017ffb51e790, 0x0000017ffb51c0a0,
0x0000017ffb546ab0, 0x0000017ffb547320, 0x0000017ffb548720, 0x0000017ffb54c7e0,
0x0000017ffb53b5a0, 0x0000017ffb53c7e0, 0x0000017f9309b090, 0x0000017f94406a30,
0x0000017f93fb59c0, 0x0000017f94be6840, 0x0000017f945e2740, 0x0000017f945e2dd0,
0x0000017f945e1390, 0x0000017f984cd880, 0x0000017f984c89c0, 0x0000017f984cb7b0,
0x0000017f984cdf10, 0x0000017f984c7610, 0x0000017f984c9d70, 0x0000017f96fa3ad0,
0x0000017f96f9d860, 0x0000017f96f9f930, 0x0000017f96fa1a00, 0x0000017f96f9ec10,
0x0000017f96406f20, 0x0000017f95dc7c70, 0x0000017f9b6c2aa0, 0x0000017f983477b0,
0x0000017f9c4d1d30, 0x0000017f9c4d0980, 0x0000017f9c4d6560, 0x0000017f931f2170,
0x0000017f9d7c9580, 0x0000017f9d7ca2a0, 0x0000017f9a256610, 0x0000017f9a255f80,
0x0000017f9a257330, 0x0000017f9a2558f0, 0x0000017f9a2579c0, 0x0000017f9a258050,
0x0000017f9a254bd0, 0x0000017f9a255260, 0x0000017f9c5222e0, 0x0000017f9c525760,
0x0000017f9c523000, 0x0000017f9c524a40, 0x0000017f9c5250d0, 0x0000017f9d7c8ef0,
0x0000017f931f3bb0, 0x0000017f9bf9fb00, 0x0000017f9bfa0eb0, 0x0000017f9d7c9c10,
0x0000017f9d7cbce0, 0x0000017f9d7ca930, 0x0000017f9d7cafc0, 0x0000017f9bfa0190,
0x0000017f931f0dc0, 0x0000017f931f1ae0, 0x0000017fa66d7470, 0x0000017fa66d7b00,
0x0000017fa66d6de0, 0x0000017f98348b60, 0x0000017fa66d9bd0, 0x0000017fa66d8190,
0x0000017f93632990, 0x0000017f9c523d20, 0x0000017f931f4240, 0x0000017f9d7cb650,
0x0000017fa66d8eb0, 0x0000017fabe444e0, 0x0000017f9c4d23c0, 0x0000017f983719c0,
0x0000017f98370610, 0x0000017fa7da6c50, 0x0000017f99cf9580, 0x0000017f99cf9c10,
0x0000017fab3a5ff0, 0x0000017fab3a1e50, 0x0000017fab3a4c40, 0x0000017f9a486080,
0x0000017f9a4874f0, 0x0000017f9c4dc140, 0x0000017fa49b9d00, 0x0000017f9363b200,
0x0000017f98372d70, 0x0000017f9836f8f0, 0x0000017fa5ab3df0, 0x0000017fa5ab2a40
}

Java Threads: ( => current thread )
  0x0000017ff0cd5390 JavaThread "main"                              [_thread_blocked, id=21928, stack(0x00000002c1a00000,0x00000002c1b00000) (1024K)]
  0x0000017ffb515a80 JavaThread "Common-Cleaner"             daemon [_thread_blocked, id=16804, stack(0x00000002c2200000,0x00000002c2300000) (1024K)]
  0x0000017ffb51e790 JavaThread "Reference Handler"          daemon [_thread_blocked, id=32064, stack(0x00000002c2300000,0x00000002c2400000) (1024K)]
  0x0000017ffb51c0a0 JavaThread "Finalizer"                  daemon [_thread_blocked, id=29736, stack(0x00000002c2400000,0x00000002c2500000) (1024K)]
  0x0000017ffb546ab0 JavaThread "Signal Dispatcher"          daemon [_thread_blocked, id=17320, stack(0x00000002c2500000,0x00000002c2600000) (1024K)]
  0x0000017ffb547320 JavaThread "Attach Listener"            daemon [_thread_blocked, id=30256, stack(0x00000002c2600000,0x00000002c2700000) (1024K)]
  0x0000017ffb548720 JavaThread "Service Thread"             daemon [_thread_blocked, id=32048, stack(0x00000002c2700000,0x00000002c2800000) (1024K)]
  0x0000017ffb54c7e0 JavaThread "Monitor Deflation Thread"   daemon [_thread_blocked, id=31948, stack(0x00000002c2800000,0x00000002c2900000) (1024K)]
  0x0000017ffb53b5a0 JavaThread "C2 CompilerThread0"         daemon [_thread_in_native, id=33160, stack(0x00000002c2900000,0x00000002c2a00000) (1024K)]
  0x0000017ffb53c7e0 JavaThread "C1 CompilerThread0"         daemon [_thread_blocked, id=27716, stack(0x00000002c2a00000,0x00000002c2b00000) (1024K)]
  0x0000017f9309b090 JavaThread "Notification Thread"        daemon [_thread_blocked, id=19216, stack(0x00000002c2b00000,0x00000002c2c00000) (1024K)]
  0x0000017f94406a30 JavaThread "Daemon health stats"               [_thread_blocked, id=31368, stack(0x00000002c3300000,0x00000002c3400000) (1024K)]
  0x0000017f93fb59c0 JavaThread "Incoming local TCP Connector on port 58780"        [_thread_in_native, id=33484, stack(0x00000002c3400000,0x00000002c3500000) (1024K)]
  0x0000017f94be6840 JavaThread "Daemon periodic checks"            [_thread_blocked, id=31772, stack(0x00000002c3500000,0x00000002c3600000) (1024K)]
  0x0000017f945e2740 JavaThread "Cache worker for journal cache (D:\Downloads\android-studio-SDK\.gradle\caches\journal-1)"        [_thread_blocked, id=21776, stack(0x00000002c4000000,0x00000002c4100000) (1024K)]
  0x0000017f945e2dd0 JavaThread "File lock request listener"        [_thread_in_native, id=25412, stack(0x00000002c4100000,0x00000002c4200000) (1024K)]
  0x0000017f945e1390 JavaThread "Cache worker for file hash cache (D:\Downloads\android-studio-SDK\.gradle\caches\9.4.1\fileHashes)"        [_thread_blocked, id=28268, stack(0x00000002c4200000,0x00000002c4300000) (1024K)]
  0x0000017f984cd880 JavaThread "File watcher server"        daemon [_thread_in_native, id=26620, stack(0x00000002c2c00000,0x00000002c2d00000) (1024K)]
  0x0000017f984c89c0 JavaThread "File watcher consumer"      daemon [_thread_blocked, id=24404, stack(0x00000002c3200000,0x00000002c3300000) (1024K)]
  0x0000017f984cb7b0 JavaThread "Cache worker for file content cache (D:\Downloads\android-studio-SDK\.gradle\caches\9.4.1\fileContent)"        [_thread_blocked, id=26296, stack(0x00000002c4500000,0x00000002c4600000) (1024K)]
  0x0000017f984cdf10 JavaThread "jar transforms"                    [_thread_blocked, id=7848, stack(0x00000002c4b00000,0x00000002c4c00000) (1024K)]
  0x0000017f984c7610 JavaThread "jar transforms Thread 2"           [_thread_blocked, id=30172, stack(0x00000002c4c00000,0x00000002c4d00000) (1024K)]
  0x0000017f984c9d70 JavaThread "jar transforms Thread 3"           [_thread_blocked, id=3208, stack(0x00000002c4d00000,0x00000002c4e00000) (1024K)]
  0x0000017f96fa3ad0 JavaThread "jar transforms Thread 4"           [_thread_blocked, id=4080, stack(0x00000002c4a00000,0x00000002c4b00000) (1024K)]
  0x0000017f96f9d860 JavaThread "jar transforms Thread 5"           [_thread_blocked, id=30180, stack(0x00000002c5600000,0x00000002c5700000) (1024K)]
  0x0000017f96f9f930 JavaThread "jar transforms Thread 6"           [_thread_blocked, id=28976, stack(0x00000002c5700000,0x00000002c5800000) (1024K)]
  0x0000017f96fa1a00 JavaThread "jar transforms Thread 7"           [_thread_blocked, id=31136, stack(0x00000002c5800000,0x00000002c5900000) (1024K)]
  0x0000017f96f9ec10 JavaThread "jar transforms Thread 8"           [_thread_blocked, id=33020, stack(0x00000002c5900000,0x00000002c5a00000) (1024K)]
  0x0000017f96406f20 JavaThread "Memory manager"                    [_thread_blocked, id=13008, stack(0x00000002c5a00000,0x00000002c5b00000) (1024K)]
  0x0000017f95dc7c70 JavaThread "Cache worker for Java compile cache (D:\Downloads\android-studio-SDK\.gradle\caches\9.4.1\javaCompile)"        [_thread_blocked, id=27836, stack(0x00000002c6700000,0x00000002c6800000) (1024K)]
  0x0000017f9b6c2aa0 JavaThread "Java2D Disposer"            daemon [_thread_blocked, id=6004, stack(0x00000002c6d00000,0x00000002c6e00000) (1024K)]
  0x0000017f983477b0 JavaThread "Daemon Thread 7"                   [_thread_blocked, id=30536, stack(0x00000002c1700000,0x00000002c1800000) (1024K)]
  0x0000017f9c4d1d30 JavaThread "Handler for socket connection from /127.0.0.1:58780 to /127.0.0.1:60646"        [_thread_in_native, id=3000, stack(0x00000002c1800000,0x00000002c1900000) (1024K)]
  0x0000017f9c4d0980 JavaThread "Cancel handler"                    [_thread_blocked, id=24448, stack(0x00000002c1900000,0x00000002c1a00000) (1024K)]
  0x0000017f9c4d6560 JavaThread "Daemon worker Thread 7"            [_thread_blocked, id=18928, stack(0x00000002c3600000,0x00000002c3700000) (1024K)]
  0x0000017f931f2170 JavaThread "Asynchronous log dispatcher for DefaultDaemonConnection: socket connection from /127.0.0.1:58780 to /127.0.0.1:60646"        [_thread_blocked, id=2184, stack(0x00000002c3700000,0x00000002c3800000) (1024K)]
  0x0000017f9d7c9580 JavaThread "Stdin handler"                     [_thread_blocked, id=29804, stack(0x00000002c3b00000,0x00000002c3c00000) (1024K)]
  0x0000017f9d7ca2a0 JavaThread "Daemon client event forwarder"        [_thread_blocked, id=20932, stack(0x00000002c3c00000,0x00000002c3d00000) (1024K)]
  0x0000017f9a256610 JavaThread "Cache worker for file hash cache (D:\Downloads\hackerskeyboard-master\.gradle\9.4.1\fileHashes)"        [_thread_blocked, id=32700, stack(0x00000002c3d00000,0x00000002c3e00000) (1024K)]
  0x0000017f9a255f80 JavaThread "Cache worker for Build Output Cleanup Cache (D:\Downloads\hackerskeyboard-master\.gradle\buildOutputCleanup)"        [_thread_blocked, id=20812, stack(0x00000002c3e00000,0x00000002c3f00000) (1024K)]
  0x0000017f9a257330 JavaThread "Cache worker for checksums cache (D:\Downloads\hackerskeyboard-master\.gradle\9.4.1\checksums)"        [_thread_blocked, id=27320, stack(0x00000002c4300000,0x00000002c4400000) (1024K)]
  0x0000017f9a2558f0 JavaThread "Cache worker for cache directory md-supplier (D:\Downloads\android-studio-SDK\.gradle\caches\9.4.1\md-supplier)"        [_thread_blocked, id=22300, stack(0x00000002c4400000,0x00000002c4500000) (1024K)]
  0x0000017f9a2579c0 JavaThread "Cache worker for cache directory md-rule (D:\Downloads\android-studio-SDK\.gradle\caches\9.4.1\md-rule)"        [_thread_blocked, id=32092, stack(0x00000002c4600000,0x00000002c4700000) (1024K)]
  0x0000017f9a258050 JavaThread "Build operations"                  [_thread_blocked, id=22688, stack(0x00000002c4700000,0x00000002c4800000) (1024K)]
  0x0000017f9a254bd0 JavaThread "Build operations Thread 2"         [_thread_blocked, id=29648, stack(0x00000002c4800000,0x00000002c4900000) (1024K)]
  0x0000017f9a255260 JavaThread "Build operations Thread 3"         [_thread_blocked, id=23736, stack(0x00000002c4900000,0x00000002c4a00000) (1024K)]
  0x0000017f9c5222e0 JavaThread "Build operations Thread 4"         [_thread_blocked, id=27388, stack(0x00000002c4e00000,0x00000002c4f00000) (1024K)]
  0x0000017f9c525760 JavaThread "Build operations Thread 5"         [_thread_blocked, id=19608, stack(0x00000002c4f00000,0x00000002c5000000) (1024K)]
  0x0000017f9c523000 JavaThread "Build operations Thread 6"         [_thread_blocked, id=21348, stack(0x00000002c5000000,0x00000002c5100000) (1024K)]
  0x0000017f9c524a40 JavaThread "Build operations Thread 7"         [_thread_blocked, id=16512, stack(0x00000002c5100000,0x00000002c5200000) (1024K)]
  0x0000017f9c5250d0 JavaThread "Build operations Thread 8"         [_thread_blocked, id=31236, stack(0x00000002c5300000,0x00000002c5400000) (1024K)]
  0x0000017f9d7c8ef0 JavaThread "build event listener"              [_thread_blocked, id=3156, stack(0x00000002c5400000,0x00000002c5500000) (1024K)]
  0x0000017f931f3bb0 JavaThread "build event listener"              [_thread_blocked, id=32520, stack(0x00000002c5500000,0x00000002c5600000) (1024K)]
  0x0000017f9bf9fb00 JavaThread "included builds"                   [_thread_in_native, id=29256, stack(0x00000002c5b00000,0x00000002c5c00000) (1024K)]
  0x0000017f9bfa0eb0 JavaThread "Execution worker"                  [_thread_blocked, id=27848, stack(0x00000002c5c00000,0x00000002c5d00000) (1024K)]
  0x0000017f9d7c9c10 JavaThread "Execution worker Thread 2"         [_thread_blocked, id=21168, stack(0x00000002c5d00000,0x00000002c5e00000) (1024K)]
  0x0000017f9d7cbce0 JavaThread "Execution worker Thread 3"         [_thread_blocked, id=29764, stack(0x00000002c5e00000,0x00000002c5f00000) (1024K)]
  0x0000017f9d7ca930 JavaThread "Execution worker Thread 4"         [_thread_blocked, id=25608, stack(0x00000002c5f00000,0x00000002c6000000) (1024K)]
  0x0000017f9d7cafc0 JavaThread "Execution worker Thread 5"         [_thread_blocked, id=26252, stack(0x00000002c6000000,0x00000002c6100000) (1024K)]
  0x0000017f9bfa0190 JavaThread "Cache worker for execution history cache (D:\Downloads\hackerskeyboard-master\.gradle\9.4.1\executionHistory)"        [_thread_blocked, id=20056, stack(0x00000002c6100000,0x00000002c6200000) (1024K)]
  0x0000017f931f0dc0 JavaThread "Execution worker Thread 6"         [_thread_blocked, id=27344, stack(0x00000002c6200000,0x00000002c6300000) (1024K)]
  0x0000017f931f1ae0 JavaThread "Execution worker Thread 7"         [_thread_blocked, id=25864, stack(0x00000002c6300000,0x00000002c6400000) (1024K)]
  0x0000017fa66d7470 JavaThread "WorkerExecutor Queue Thread 2"        [_thread_blocked, id=26340, stack(0x00000002c5200000,0x00000002c5300000) (1024K)]
  0x0000017fa66d7b00 JavaThread "WorkerExecutor Queue Thread 3"        [_thread_blocked, id=24104, stack(0x00000002c6400000,0x00000002c6500000) (1024K)]
  0x0000017fa66d6de0 JavaThread "WorkerExecutor Queue Thread 4"        [_thread_blocked, id=11660, stack(0x00000002c6500000,0x00000002c6600000) (1024K)]
  0x0000017f98348b60 JavaThread "WorkerExecutor Queue Thread 6"        [_thread_blocked, id=33148, stack(0x00000002c6800000,0x00000002c6900000) (1024K)]
  0x0000017fa66d9bd0 JavaThread "WorkerExecutor Queue Thread 7"        [_thread_blocked, id=19840, stack(0x00000002c6900000,0x00000002c6a00000) (1024K)]
  0x0000017fa66d8190 JavaThread "WorkerExecutor Queue Thread 8"        [_thread_blocked, id=2888, stack(0x00000002c6a00000,0x00000002c6b00000) (1024K)]
  0x0000017f93632990 JavaThread "WorkerExecutor Queue Thread 9"        [_thread_blocked, id=32884, stack(0x00000002c6b00000,0x00000002c6c00000) (1024K)]
  0x0000017f9c523d20 JavaThread "ForkJoinPool-1-worker-1"    daemon [_thread_blocked, id=31168, stack(0x00000002c6f00000,0x00000002c7000000) (1024K)]
  0x0000017f931f4240 JavaThread "ForkJoinPool-1-worker-2"    daemon [_thread_blocked, id=27336, stack(0x00000002c7000000,0x00000002c7100000) (1024K)]
  0x0000017f9d7cb650 JavaThread "ForkJoinPool-1-worker-3"    daemon [_thread_blocked, id=21044, stack(0x00000002c7100000,0x00000002c7200000) (1024K)]
  0x0000017fa66d8eb0 JavaThread "ForkJoinPool-1-worker-4"    daemon [_thread_blocked, id=24500, stack(0x00000002c7200000,0x00000002c7300000) (1024K)]
  0x0000017fabe444e0 JavaThread "ForkJoinPool-1-worker-5"    daemon [_thread_blocked, id=24992, stack(0x00000002c7300000,0x00000002c7400000) (1024K)]
  0x0000017f9c4d23c0 JavaThread "ForkJoinPool-1-worker-6"    daemon [_thread_blocked, id=14348, stack(0x00000002c7400000,0x00000002c7500000) (1024K)]
  0x0000017f983719c0 JavaThread "ForkJoinPool-1-worker-7"    daemon [_thread_blocked, id=16784, stack(0x00000002c7500000,0x00000002c7600000) (1024K)]
  0x0000017f98370610 JavaThread "ForkJoinPool-1-worker-8"    daemon [_thread_blocked, id=17648, stack(0x00000002c7600000,0x00000002c7700000) (1024K)]
  0x0000017fa7da6c50 JavaThread "Exec process Thread 19"            [_thread_blocked, id=29780, stack(0x00000002c6600000,0x00000002c6700000) (1024K)]
  0x0000017f99cf9580 JavaThread "Exec process Thread 20"            [_thread_blocked, id=19268, stack(0x00000002c7700000,0x00000002c7800000) (1024K)]
  0x0000017f99cf9c10 JavaThread "Exec process Thread 21"            [_thread_blocked, id=14188, stack(0x00000002c7800000,0x00000002c7900000) (1024K)]
  0x0000017fab3a5ff0 JavaThread "pool-25-thread-1"                  [_thread_blocked, id=23816, stack(0x00000002c7900000,0x00000002c7a00000) (1024K)]
  0x0000017fab3a1e50 JavaThread "stderr"                            [_thread_in_native, id=5692, stack(0x00000002c7a00000,0x00000002c7b00000) (1024K)]
  0x0000017fab3a4c40 JavaThread "stdout"                            [_thread_in_native, id=31188, stack(0x00000002c7b00000,0x00000002c7c00000) (1024K)]
  0x0000017f9a486080 JavaThread "C2 CompilerThread1"         daemon [_thread_in_native, id=2388, stack(0x00000002c6c00000,0x00000002c6d00000) (1024K)]
=>0x0000017f9a4874f0 JavaThread "C2 CompilerThread2"         daemon [_thread_in_native, id=22420, stack(0x00000002c6e00000,0x00000002c6f00000) (1024K)]
  0x0000017f9c4dc140 JavaThread "WorkerExecutor Queue Thread 10"        [_thread_blocked, id=30064, stack(0x00000002c7c00000,0x00000002c7d00000) (1024K)]
  0x0000017fa49b9d00 JavaThread "WorkerExecutor Queue Thread 11"        [_thread_blocked, id=31348, stack(0x00000002c3f00000,0x00000002c4000000) (1024K)]
  0x0000017f9363b200 JavaThread "ForkJoinPool.commonPool-worker-41" daemon [_thread_blocked, id=31420, stack(0x00000002c7d00000,0x00000002c7e00000) (1024K)]
  0x0000017f98372d70 JavaThread "ForkJoinPool.commonPool-worker-42" daemon [_thread_blocked, id=7416, stack(0x00000002c7e00000,0x00000002c7f00000) (1024K)]
  0x0000017f9836f8f0 JavaThread "ForkJoinPool.commonPool-worker-43" daemon [_thread_blocked, id=32568, stack(0x00000002c7f00000,0x00000002c8000000) (1024K)]
  0x0000017fa5ab3df0 JavaThread "ForkJoinPool.commonPool-worker-44" daemon [_thread_blocked, id=29924, stack(0x00000002c8000000,0x00000002c8100000) (1024K)]
  0x0000017fa5ab2a40 JavaThread "ForkJoinPool.commonPool-worker-45" daemon [_thread_blocked, id=29456, stack(0x00000002c8100000,0x00000002c8200000) (1024K)]
Total: 92

Other Threads:
  0x0000017ffb4c86e0 VMThread "VM Thread"                           [id=33256, stack(0x00000002c2100000,0x00000002c2200000) (1024K)]
  0x0000017ff8b13260 WatcherThread "VM Periodic Task Thread"        [id=24424, stack(0x00000002c2000000,0x00000002c2100000) (1024K)]
  0x0000017ff374eb90 WorkerThread "GC Thread#0"                     [id=23676, stack(0x00000002c1b00000,0x00000002c1c00000) (1024K)]
  0x0000017f94165920 WorkerThread "GC Thread#1"                     [id=23856, stack(0x00000002c2d00000,0x00000002c2e00000) (1024K)]
  0x0000017f941660d0 WorkerThread "GC Thread#2"                     [id=9092, stack(0x00000002c2e00000,0x00000002c2f00000) (1024K)]
  0x0000017f94166480 WorkerThread "GC Thread#3"                     [id=13400, stack(0x00000002c2f00000,0x00000002c3000000) (1024K)]
  0x0000017f9425e420 WorkerThread "GC Thread#4"                     [id=19340, stack(0x00000002c3000000,0x00000002c3100000) (1024K)]
  0x0000017f9425e7d0 WorkerThread "GC Thread#5"                     [id=32888, stack(0x00000002c3100000,0x00000002c3200000) (1024K)]
  0x0000017f957e7370 WorkerThread "GC Thread#6"                     [id=21384, stack(0x00000002c3800000,0x00000002c3900000) (1024K)]
  0x0000017f957e6fc0 WorkerThread "GC Thread#7"                     [id=24996, stack(0x00000002c3900000,0x00000002c3a00000) (1024K)]
  0x0000017ff8948ae0 ConcurrentGCThread "G1 Main Marker"            [id=18696, stack(0x00000002c1c00000,0x00000002c1d00000) (1024K)]
  0x0000017ff375cf80 WorkerThread "G1 Conc#0"                       [id=784, stack(0x00000002c1d00000,0x00000002c1e00000) (1024K)]
  0x0000017f957e5d50 WorkerThread "G1 Conc#1"                       [id=29208, stack(0x00000002c3a00000,0x00000002c3b00000) (1024K)]
  0x0000017ff8a65960 ConcurrentGCThread "G1 Refine#0"               [id=20884, stack(0x00000002c1e00000,0x00000002c1f00000) (1024K)]
  0x0000017ff8a664f0 ConcurrentGCThread "G1 Service"                [id=16704, stack(0x00000002c1f00000,0x00000002c2000000) (1024K)]
Total: 15

Threads with active compile tasks:
C2 CompilerThread0  13785677 48191       4       com.android.tools.r8.internal.m91::a (2684 bytes)
C2 CompilerThread1  13785678 48201 %     4       com.android.tools.r8.internal.iy::b @ 47 (722 bytes)
C2 CompilerThread2  13785678 48212   !   4       com.android.tools.r8.internal.d91::a (4378 bytes)
Total: 3

VM state: not at safepoint (normal execution)

VM Mutex/Monitor currently owned by a thread: None

Heap address: 0x00000000a0000000, size: 1536 MB, Compressed Oops mode: 32-bit

CDS archive(s) not mapped
Compressed class space mapped at: 0x0000000100000000-0x0000000140000000, reserved size: 1073741824
Narrow klass base: 0x0000000000000000, Narrow klass shift: 3, Narrow klass range: 0x140000000

GC Precious Log:
 CardTable entry size: 512
 Card Set container configuration: InlinePtr #cards 5 size 8 Array Of Cards #cards 12 size 40 Howl #buckets 4 coarsen threshold 1843 Howl Bitmap #cards 512 size 80 coarsen threshold 460 Card regions per heap region 1 cards per card region 2048
 CPUs: 8 total, 8 available
 Memory: 16131M
 Large Page Support: Disabled
 NUMA Support: Disabled
 Compressed Oops: Enabled (32-bit)
 Heap Region Size: 1M
 Heap Min Capacity: 8M
 Heap Initial Capacity: 254M
 Heap Max Capacity: 1536M
 Pre-touch: Disabled
 Parallel Workers: 8
 Concurrent Workers: 2
 Concurrent Refinement Workers: 8
 Periodic GC: Disabled

Heap:
 garbage-first heap   total 547840K, used 252631K [0x00000000a0000000, 0x0000000100000000)
  region size 1024K, 22 young (22528K), 6 survivors (6144K)
 Metaspace       used 177143K, committed 179840K, reserved 1245184K
  class space    used 23372K, committed 24576K, reserved 1048576K

Heap Regions: E=young(eden), S=young(survivor), O=old, HS=humongous(starts), HC=humongous(continues), CS=collection set, F=free, TAMS=top-at-mark-start, PB=parsable bottom
|   0|0x00000000a0000000, 0x00000000a0100000, 0x00000000a0100000|100%|HS|  |TAMS 0x00000000a0000000| PB 0x00000000a0000000| Complete 
|   1|0x00000000a0100000, 0x00000000a0200000, 0x00000000a0200000|100%|HC|  |TAMS 0x00000000a0100000| PB 0x00000000a0100000| Complete 
|   2|0x00000000a0200000, 0x00000000a0300000, 0x00000000a0300000|100%|HC|  |TAMS 0x00000000a0200000| PB 0x00000000a0200000| Complete 
|   3|0x00000000a0300000, 0x00000000a0400000, 0x00000000a0400000|100%|HC|  |TAMS 0x00000000a0300000| PB 0x00000000a0300000| Complete 
|   4|0x00000000a0400000, 0x00000000a0500000, 0x00000000a0500000|100%| O|  |TAMS 0x00000000a0400000| PB 0x00000000a0400000| Untracked 
|   5|0x00000000a0500000, 0x00000000a0600000, 0x00000000a0600000|100%| O|  |TAMS 0x00000000a0500000| PB 0x00000000a0500000| Untracked 
|   6|0x00000000a0600000, 0x00000000a0700000, 0x00000000a0700000|100%| O|  |TAMS 0x00000000a0600000| PB 0x00000000a0600000| Untracked 
|   7|0x00000000a0700000, 0x00000000a0800000, 0x00000000a0800000|100%| O|  |TAMS 0x00000000a0700000| PB 0x00000000a0700000| Untracked 
|   8|0x00000000a0800000, 0x00000000a0900000, 0x00000000a0900000|100%| O|  |TAMS 0x00000000a0800000| PB 0x00000000a0800000| Untracked 
|   9|0x00000000a0900000, 0x00000000a0a00000, 0x00000000a0a00000|100%| O|  |TAMS 0x00000000a0900000| PB 0x00000000a0900000| Untracked 
|  10|0x00000000a0a00000, 0x00000000a0b00000, 0x00000000a0b00000|100%| O|  |TAMS 0x00000000a0a00000| PB 0x00000000a0a00000| Untracked 
|  11|0x00000000a0b00000, 0x00000000a0c00000, 0x00000000a0c00000|100%|HS|  |TAMS 0x00000000a0b00000| PB 0x00000000a0b00000| Complete 
|  12|0x00000000a0c00000, 0x00000000a0d00000, 0x00000000a0d00000|100%| O|  |TAMS 0x00000000a0c00000| PB 0x00000000a0c00000| Untracked 
|  13|0x00000000a0d00000, 0x00000000a0e00000, 0x00000000a0e00000|100%| O|  |TAMS 0x00000000a0d00000| PB 0x00000000a0d00000| Untracked 
|  14|0x00000000a0e00000, 0x00000000a0f00000, 0x00000000a0f00000|100%| O|  |TAMS 0x00000000a0e00000| PB 0x00000000a0e00000| Untracked 
|  15|0x00000000a0f00000, 0x00000000a1000000, 0x00000000a1000000|100%| O|  |TAMS 0x00000000a0f00000| PB 0x00000000a0f00000| Untracked 
|  16|0x00000000a1000000, 0x00000000a1100000, 0x00000000a1100000|100%| O|  |TAMS 0x00000000a1000000| PB 0x00000000a1000000| Untracked 
|  17|0x00000000a1100000, 0x00000000a1200000, 0x00000000a1200000|100%| O|  |TAMS 0x00000000a1100000| PB 0x00000000a1100000| Untracked 
|  18|0x00000000a1200000, 0x00000000a1300000, 0x00000000a1300000|100%| O|  |TAMS 0x00000000a1200000| PB 0x00000000a1200000| Untracked 
|  19|0x00000000a1300000, 0x00000000a1400000, 0x00000000a1400000|100%| O|  |TAMS 0x00000000a1300000| PB 0x00000000a1300000| Untracked 
|  20|0x00000000a1400000, 0x00000000a1500000, 0x00000000a1500000|100%| O|  |TAMS 0x00000000a1400000| PB 0x00000000a1400000| Untracked 
|  21|0x00000000a1500000, 0x00000000a1600000, 0x00000000a1600000|100%| O|  |TAMS 0x00000000a1500000| PB 0x00000000a1500000| Untracked 
|  22|0x00000000a1600000, 0x00000000a1700000, 0x00000000a1700000|100%| O|  |TAMS 0x00000000a1600000| PB 0x00000000a1600000| Untracked 
|  23|0x00000000a1700000, 0x00000000a1800000, 0x00000000a1800000|100%| O|  |TAMS 0x00000000a1700000| PB 0x00000000a1700000| Untracked 
|  24|0x00000000a1800000, 0x00000000a1900000, 0x00000000a1900000|100%| O|  |TAMS 0x00000000a1800000| PB 0x00000000a1800000| Untracked 
|  25|0x00000000a1900000, 0x00000000a1a00000, 0x00000000a1a00000|100%| O|  |TAMS 0x00000000a1900000| PB 0x00000000a1900000| Untracked 
|  26|0x00000000a1a00000, 0x00000000a1b00000, 0x00000000a1b00000|100%| O|  |TAMS 0x00000000a1a00000| PB 0x00000000a1a00000| Untracked 
|  27|0x00000000a1b00000, 0x00000000a1c00000, 0x00000000a1c00000|100%| O|  |TAMS 0x00000000a1b00000| PB 0x00000000a1b00000| Untracked 
|  28|0x00000000a1c00000, 0x00000000a1d00000, 0x00000000a1d00000|100%|HS|  |TAMS 0x00000000a1c00000| PB 0x00000000a1c00000| Complete 
|  29|0x00000000a1d00000, 0x00000000a1e00000, 0x00000000a1e00000|100%|HC|  |TAMS 0x00000000a1d00000| PB 0x00000000a1d00000| Complete 
|  30|0x00000000a1e00000, 0x00000000a1f00000, 0x00000000a1f00000|100%| O|  |TAMS 0x00000000a1e00000| PB 0x00000000a1e00000| Untracked 
|  31|0x00000000a1f00000, 0x00000000a2000000, 0x00000000a2000000|100%| O|  |TAMS 0x00000000a1f00000| PB 0x00000000a1f00000| Untracked 
|  32|0x00000000a2000000, 0x00000000a2100000, 0x00000000a2100000|100%| O|  |TAMS 0x00000000a2000000| PB 0x00000000a2000000| Untracked 
|  33|0x00000000a2100000, 0x00000000a2200000, 0x00000000a2200000|100%| O|  |TAMS 0x00000000a2100000| PB 0x00000000a2100000| Untracked 
|  34|0x00000000a2200000, 0x00000000a2300000, 0x00000000a2300000|100%| O|  |TAMS 0x00000000a2200000| PB 0x00000000a2200000| Untracked 
|  35|0x00000000a2300000, 0x00000000a2400000, 0x00000000a2400000|100%| O|  |TAMS 0x00000000a2300000| PB 0x00000000a2300000| Untracked 
|  36|0x00000000a2400000, 0x00000000a2500000, 0x00000000a2500000|100%| O|  |TAMS 0x00000000a2400000| PB 0x00000000a2400000| Untracked 
|  37|0x00000000a2500000, 0x00000000a2600000, 0x00000000a2600000|100%| O|  |TAMS 0x00000000a2500000| PB 0x00000000a2500000| Untracked 
|  38|0x00000000a2600000, 0x00000000a2700000, 0x00000000a2700000|100%| O|  |TAMS 0x00000000a2600000| PB 0x00000000a2600000| Untracked 
|  39|0x00000000a2700000, 0x00000000a2800000, 0x00000000a2800000|100%| O|  |TAMS 0x00000000a2700000| PB 0x00000000a2700000| Untracked 
|  40|0x00000000a2800000, 0x00000000a2900000, 0x00000000a2900000|100%| O|  |TAMS 0x00000000a2800000| PB 0x00000000a2800000| Untracked 
|  41|0x00000000a2900000, 0x00000000a2a00000, 0x00000000a2a00000|100%| O|  |TAMS 0x00000000a2900000| PB 0x00000000a2900000| Untracked 
|  42|0x00000000a2a00000, 0x00000000a2b00000, 0x00000000a2b00000|100%| O|  |TAMS 0x00000000a2a00000| PB 0x00000000a2a00000| Untracked 
|  43|0x00000000a2b00000, 0x00000000a2c00000, 0x00000000a2c00000|100%| O|  |TAMS 0x00000000a2b00000| PB 0x00000000a2b00000| Untracked 
|  44|0x00000000a2c00000, 0x00000000a2d00000, 0x00000000a2d00000|100%| O|  |TAMS 0x00000000a2c00000| PB 0x00000000a2c00000| Untracked 
|  45|0x00000000a2d00000, 0x00000000a2e00000, 0x00000000a2e00000|100%| O|  |TAMS 0x00000000a2d00000| PB 0x00000000a2d00000| Untracked 
|  46|0x00000000a2e00000, 0x00000000a2f00000, 0x00000000a2f00000|100%| O|  |TAMS 0x00000000a2e00000| PB 0x00000000a2e00000| Untracked 
|  47|0x00000000a2f00000, 0x00000000a3000000, 0x00000000a3000000|100%| O|  |TAMS 0x00000000a2f00000| PB 0x00000000a2f00000| Untracked 
|  48|0x00000000a3000000, 0x00000000a3100000, 0x00000000a3100000|100%|HS|  |TAMS 0x00000000a3000000| PB 0x00000000a3000000| Complete 
|  49|0x00000000a3100000, 0x00000000a3200000, 0x00000000a3200000|100%|HS|  |TAMS 0x00000000a3100000| PB 0x00000000a3100000| Complete 
|  50|0x00000000a3200000, 0x00000000a3300000, 0x00000000a3300000|100%|HS|  |TAMS 0x00000000a3200000| PB 0x00000000a3200000| Complete 
|  51|0x00000000a3300000, 0x00000000a3400000, 0x00000000a3400000|100%| O|  |TAMS 0x00000000a3300000| PB 0x00000000a3300000| Untracked 
|  52|0x00000000a3400000, 0x00000000a3500000, 0x00000000a3500000|100%| O|  |TAMS 0x00000000a3400000| PB 0x00000000a3400000| Untracked 
|  53|0x00000000a3500000, 0x00000000a3600000, 0x00000000a3600000|100%|HS|  |TAMS 0x00000000a3500000| PB 0x00000000a3500000| Complete 
|  54|0x00000000a3600000, 0x00000000a3700000, 0x00000000a3700000|100%| O|  |TAMS 0x00000000a3600000| PB 0x00000000a3600000| Untracked 
|  55|0x00000000a3700000, 0x00000000a3800000, 0x00000000a3800000|100%| O|  |TAMS 0x00000000a3700000| PB 0x00000000a3700000| Untracked 
|  56|0x00000000a3800000, 0x00000000a3900000, 0x00000000a3900000|100%|HS|  |TAMS 0x00000000a3800000| PB 0x00000000a3800000| Complete 
|  57|0x00000000a3900000, 0x00000000a3a00000, 0x00000000a3a00000|100%|HC|  |TAMS 0x00000000a3900000| PB 0x00000000a3900000| Complete 
|  58|0x00000000a3a00000, 0x00000000a3b00000, 0x00000000a3b00000|100%|HS|  |TAMS 0x00000000a3a00000| PB 0x00000000a3a00000| Complete 
|  59|0x00000000a3b00000, 0x00000000a3c00000, 0x00000000a3c00000|100%| O|  |TAMS 0x00000000a3b00000| PB 0x00000000a3b00000| Untracked 
|  60|0x00000000a3c00000, 0x00000000a3d00000, 0x00000000a3d00000|100%|HS|  |TAMS 0x00000000a3c00000| PB 0x00000000a3c00000| Complete 
|  61|0x00000000a3d00000, 0x00000000a3e00000, 0x00000000a3e00000|100%| O|  |TAMS 0x00000000a3d00000| PB 0x00000000a3d00000| Untracked 
|  62|0x00000000a3e00000, 0x00000000a3f00000, 0x00000000a3f00000|100%| O|  |TAMS 0x00000000a3e00000| PB 0x00000000a3e00000| Untracked 
|  63|0x00000000a3f00000, 0x00000000a4000000, 0x00000000a4000000|100%| O|  |TAMS 0x00000000a3f00000| PB 0x00000000a3f00000| Untracked 
|  64|0x00000000a4000000, 0x00000000a4100000, 0x00000000a4100000|100%| O|  |TAMS 0x00000000a4000000| PB 0x00000000a4000000| Untracked 
|  65|0x00000000a4100000, 0x00000000a4200000, 0x00000000a4200000|100%| O|  |TAMS 0x00000000a4100000| PB 0x00000000a4100000| Untracked 
|  66|0x00000000a4200000, 0x00000000a4300000, 0x00000000a4300000|100%|HS|  |TAMS 0x00000000a4200000| PB 0x00000000a4200000| Complete 
|  67|0x00000000a4300000, 0x00000000a4400000, 0x00000000a4400000|100%|HC|  |TAMS 0x00000000a4300000| PB 0x00000000a4300000| Complete 
|  68|0x00000000a4400000, 0x00000000a4500000, 0x00000000a4500000|100%| O|  |TAMS 0x00000000a4400000| PB 0x00000000a4400000| Untracked 
|  69|0x00000000a4500000, 0x00000000a4600000, 0x00000000a4600000|100%| O|  |TAMS 0x00000000a4500000| PB 0x00000000a4500000| Untracked 
|  70|0x00000000a4600000, 0x00000000a4700000, 0x00000000a4700000|100%| O|  |TAMS 0x00000000a4600000| PB 0x00000000a4600000| Untracked 
|  71|0x00000000a4700000, 0x00000000a4800000, 0x00000000a4800000|100%| O|  |TAMS 0x00000000a4700000| PB 0x00000000a4700000| Untracked 
|  72|0x00000000a4800000, 0x00000000a4900000, 0x00000000a4900000|100%| O|  |TAMS 0x00000000a4800000| PB 0x00000000a4800000| Untracked 
|  73|0x00000000a4900000, 0x00000000a4a00000, 0x00000000a4a00000|100%| O|  |TAMS 0x00000000a4900000| PB 0x00000000a4900000| Untracked 
|  74|0x00000000a4a00000, 0x00000000a4b00000, 0x00000000a4b00000|100%|HS|  |TAMS 0x00000000a4a00000| PB 0x00000000a4a00000| Complete 
|  75|0x00000000a4b00000, 0x00000000a4c00000, 0x00000000a4c00000|100%| O|  |TAMS 0x00000000a4b00000| PB 0x00000000a4b00000| Untracked 
|  76|0x00000000a4c00000, 0x00000000a4d00000, 0x00000000a4d00000|100%| O|  |TAMS 0x00000000a4c00000| PB 0x00000000a4c00000| Untracked 
|  77|0x00000000a4d00000, 0x00000000a4e00000, 0x00000000a4e00000|100%| O|  |TAMS 0x00000000a4d00000| PB 0x00000000a4d00000| Untracked 
|  78|0x00000000a4e00000, 0x00000000a4f00000, 0x00000000a4f00000|100%| O|  |TAMS 0x00000000a4e00000| PB 0x00000000a4e00000| Untracked 
|  79|0x00000000a4f00000, 0x00000000a5000000, 0x00000000a5000000|100%| O|  |TAMS 0x00000000a4f00000| PB 0x00000000a4f00000| Untracked 
|  80|0x00000000a5000000, 0x00000000a5100000, 0x00000000a5100000|100%| O|  |TAMS 0x00000000a5000000| PB 0x00000000a5000000| Untracked 
|  81|0x00000000a5100000, 0x00000000a5200000, 0x00000000a5200000|100%| O|  |TAMS 0x00000000a5100000| PB 0x00000000a5100000| Untracked 
|  82|0x00000000a5200000, 0x00000000a5300000, 0x00000000a5300000|100%| O|  |TAMS 0x00000000a5200000| PB 0x00000000a5200000| Untracked 
|  83|0x00000000a5300000, 0x00000000a5400000, 0x00000000a5400000|100%| O|  |TAMS 0x00000000a5300000| PB 0x00000000a5300000| Untracked 
|  84|0x00000000a5400000, 0x00000000a5500000, 0x00000000a5500000|100%| O|  |TAMS 0x00000000a5400000| PB 0x00000000a5400000| Untracked 
|  85|0x00000000a5500000, 0x00000000a5600000, 0x00000000a5600000|100%| O|  |TAMS 0x00000000a5500000| PB 0x00000000a5500000| Untracked 
|  86|0x00000000a5600000, 0x00000000a5700000, 0x00000000a5700000|100%| O|  |TAMS 0x00000000a5600000| PB 0x00000000a5600000| Untracked 
|  87|0x00000000a5700000, 0x00000000a5800000, 0x00000000a5800000|100%| O|Cm|TAMS 0x00000000a5700000| PB 0x00000000a5700000| Complete 
|  88|0x00000000a5800000, 0x00000000a5900000, 0x00000000a5900000|100%| O|  |TAMS 0x00000000a5800000| PB 0x00000000a5800000| Untracked 
|  89|0x00000000a5900000, 0x00000000a5a00000, 0x00000000a5a00000|100%| O|  |TAMS 0x00000000a5900000| PB 0x00000000a5900000| Untracked 
|  90|0x00000000a5a00000, 0x00000000a5b00000, 0x00000000a5b00000|100%| O|  |TAMS 0x00000000a5a00000| PB 0x00000000a5a00000| Untracked 
|  91|0x00000000a5b00000, 0x00000000a5c00000, 0x00000000a5c00000|100%| O|  |TAMS 0x00000000a5b00000| PB 0x00000000a5b00000| Untracked 
|  92|0x00000000a5c00000, 0x00000000a5d00000, 0x00000000a5d00000|100%| O|Cm|TAMS 0x00000000a5c00000| PB 0x00000000a5c00000| Complete 
|  93|0x00000000a5d00000, 0x00000000a5e00000, 0x00000000a5e00000|100%| O|  |TAMS 0x00000000a5d00000| PB 0x00000000a5d00000| Untracked 
|  94|0x00000000a5e00000, 0x00000000a5f00000, 0x00000000a5f00000|100%| O|  |TAMS 0x00000000a5e00000| PB 0x00000000a5e00000| Untracked 
|  95|0x00000000a5f00000, 0x00000000a5fb5fb8, 0x00000000a6000000| 71%| O|  |TAMS 0x00000000a5f00000| PB 0x00000000a5f00000| Untracked 
|  96|0x00000000a6000000, 0x00000000a6100000, 0x00000000a6100000|100%| O|Cm|TAMS 0x00000000a6000000| PB 0x00000000a6000000| Complete 
|  97|0x00000000a6100000, 0x00000000a6200000, 0x00000000a6200000|100%| O|  |TAMS 0x00000000a6100000| PB 0x00000000a6100000| Untracked 
|  98|0x00000000a6200000, 0x00000000a6300000, 0x00000000a6300000|100%| O|  |TAMS 0x00000000a6200000| PB 0x00000000a6200000| Untracked 
|  99|0x00000000a6300000, 0x00000000a6400000, 0x00000000a6400000|100%| O|  |TAMS 0x00000000a6300000| PB 0x00000000a6300000| Untracked 
| 100|0x00000000a6400000, 0x00000000a6500000, 0x00000000a6500000|100%| O|  |TAMS 0x00000000a6400000| PB 0x00000000a6400000| Untracked 
| 101|0x00000000a6500000, 0x00000000a6600000, 0x00000000a6600000|100%| O|Cm|TAMS 0x00000000a6500000| PB 0x00000000a6500000| Complete 
| 102|0x00000000a6600000, 0x00000000a6700000, 0x00000000a6700000|100%| O|  |TAMS 0x00000000a6600000| PB 0x00000000a6600000| Untracked 
| 103|0x00000000a6700000, 0x00000000a6800000, 0x00000000a6800000|100%| O|  |TAMS 0x00000000a6700000| PB 0x00000000a6700000| Untracked 
| 104|0x00000000a6800000, 0x00000000a6900000, 0x00000000a6900000|100%| O|  |TAMS 0x00000000a6800000| PB 0x00000000a6800000| Untracked 
| 105|0x00000000a6900000, 0x00000000a6a00000, 0x00000000a6a00000|100%| O|  |TAMS 0x00000000a6900000| PB 0x00000000a6900000| Untracked 
| 106|0x00000000a6a00000, 0x00000000a6b00000, 0x00000000a6b00000|100%| O|Cm|TAMS 0x00000000a6a00000| PB 0x00000000a6a00000| Complete 
| 107|0x00000000a6b00000, 0x00000000a6c00000, 0x00000000a6c00000|100%|HS|  |TAMS 0x00000000a6b00000| PB 0x00000000a6b00000| Complete 
| 108|0x00000000a6c00000, 0x00000000a6d00000, 0x00000000a6d00000|100%| O|  |TAMS 0x00000000a6c00000| PB 0x00000000a6c00000| Untracked 
| 109|0x00000000a6d00000, 0x00000000a6e00000, 0x00000000a6e00000|100%| O|  |TAMS 0x00000000a6d00000| PB 0x00000000a6d00000| Untracked 
| 110|0x00000000a6e00000, 0x00000000a6f00000, 0x00000000a6f00000|100%| O|  |TAMS 0x00000000a6e00000| PB 0x00000000a6e00000| Untracked 
| 111|0x00000000a6f00000, 0x00000000a7000000, 0x00000000a7000000|100%| O|  |TAMS 0x00000000a6f00000| PB 0x00000000a6f00000| Untracked 
| 112|0x00000000a7000000, 0x00000000a7100000, 0x00000000a7100000|100%|HS|  |TAMS 0x00000000a7000000| PB 0x00000000a7000000| Complete 
| 113|0x00000000a7100000, 0x00000000a7200000, 0x00000000a7200000|100%| O|  |TAMS 0x00000000a7100000| PB 0x00000000a7100000| Untracked 
| 114|0x00000000a7200000, 0x00000000a7300000, 0x00000000a7300000|100%| O|  |TAMS 0x00000000a7200000| PB 0x00000000a7200000| Untracked 
| 115|0x00000000a7300000, 0x00000000a7400000, 0x00000000a7400000|100%| O|  |TAMS 0x00000000a7300000| PB 0x00000000a7300000| Untracked 
| 116|0x00000000a7400000, 0x00000000a7500000, 0x00000000a7500000|100%| O|  |TAMS 0x00000000a7400000| PB 0x00000000a7400000| Untracked 
| 117|0x00000000a7500000, 0x00000000a7600000, 0x00000000a7600000|100%|HS|  |TAMS 0x00000000a7500000| PB 0x00000000a7500000| Complete 
| 118|0x00000000a7600000, 0x00000000a7700000, 0x00000000a7700000|100%|HC|  |TAMS 0x00000000a7600000| PB 0x00000000a7600000| Complete 
| 119|0x00000000a7700000, 0x00000000a7800000, 0x00000000a7800000|100%| O|  |TAMS 0x00000000a7700000| PB 0x00000000a7700000| Untracked 
| 120|0x00000000a7800000, 0x00000000a7900000, 0x00000000a7900000|100%| O|  |TAMS 0x00000000a7800000| PB 0x00000000a7800000| Untracked 
| 121|0x00000000a7900000, 0x00000000a7900000, 0x00000000a7a00000|  0%| F|  |TAMS 0x00000000a7900000| PB 0x00000000a7900000| Untracked 
| 122|0x00000000a7a00000, 0x00000000a7a00000, 0x00000000a7b00000|  0%| F|  |TAMS 0x00000000a7a00000| PB 0x00000000a7a00000| Untracked 
| 123|0x00000000a7b00000, 0x00000000a7b00000, 0x00000000a7c00000|  0%| F|  |TAMS 0x00000000a7b00000| PB 0x00000000a7b00000| Untracked 
| 124|0x00000000a7c00000, 0x00000000a7d00000, 0x00000000a7d00000|100%| O|  |TAMS 0x00000000a7c00000| PB 0x00000000a7c00000| Untracked 
| 125|0x00000000a7d00000, 0x00000000a7d00000, 0x00000000a7e00000|  0%| F|  |TAMS 0x00000000a7d00000| PB 0x00000000a7d00000| Untracked 
| 126|0x00000000a7e00000, 0x00000000a7e00000, 0x00000000a7f00000|  0%| F|  |TAMS 0x00000000a7e00000| PB 0x00000000a7e00000| Untracked 
| 127|0x00000000a7f00000, 0x00000000a7f00000, 0x00000000a8000000|  0%| F|  |TAMS 0x00000000a7f00000| PB 0x00000000a7f00000| Untracked 
| 128|0x00000000a8000000, 0x00000000a8100000, 0x00000000a8100000|100%| O|  |TAMS 0x00000000a8000000| PB 0x00000000a8000000| Untracked 
| 129|0x00000000a8100000, 0x00000000a8200000, 0x00000000a8200000|100%| O|  |TAMS 0x00000000a8100000| PB 0x00000000a8100000| Untracked 
| 130|0x00000000a8200000, 0x00000000a8300000, 0x00000000a8300000|100%| O|  |TAMS 0x00000000a8200000| PB 0x00000000a8200000| Untracked 
| 131|0x00000000a8300000, 0x00000000a8400000, 0x00000000a8400000|100%| O|  |TAMS 0x00000000a8300000| PB 0x00000000a8300000| Untracked 
| 132|0x00000000a8400000, 0x00000000a8500000, 0x00000000a8500000|100%| O|  |TAMS 0x00000000a8400000| PB 0x00000000a8400000| Untracked 
| 133|0x00000000a8500000, 0x00000000a8600000, 0x00000000a8600000|100%| O|  |TAMS 0x00000000a8500000| PB 0x00000000a8500000| Untracked 
| 134|0x00000000a8600000, 0x00000000a8700000, 0x00000000a8700000|100%| O|Cm|TAMS 0x00000000a8600000| PB 0x00000000a8600000| Complete 
| 135|0x00000000a8700000, 0x00000000a8800000, 0x00000000a8800000|100%| O|Cm|TAMS 0x00000000a8700000| PB 0x00000000a8700000| Complete 
| 136|0x00000000a8800000, 0x00000000a8900000, 0x00000000a8900000|100%| O|  |TAMS 0x00000000a8800000| PB 0x00000000a8800000| Untracked 
| 137|0x00000000a8900000, 0x00000000a8900000, 0x00000000a8a00000|  0%| F|  |TAMS 0x00000000a8900000| PB 0x00000000a8900000| Untracked 
| 138|0x00000000a8a00000, 0x00000000a8a00000, 0x00000000a8b00000|  0%| F|  |TAMS 0x00000000a8a00000| PB 0x00000000a8a00000| Untracked 
| 139|0x00000000a8b00000, 0x00000000a8c00000, 0x00000000a8c00000|100%| O|  |TAMS 0x00000000a8b00000| PB 0x00000000a8b00000| Untracked 
| 140|0x00000000a8c00000, 0x00000000a8d00000, 0x00000000a8d00000|100%| O|  |TAMS 0x00000000a8c00000| PB 0x00000000a8c00000| Untracked 
| 141|0x00000000a8d00000, 0x00000000a8e00000, 0x00000000a8e00000|100%| O|  |TAMS 0x00000000a8d00000| PB 0x00000000a8d00000| Untracked 
| 142|0x00000000a8e00000, 0x00000000a8e00000, 0x00000000a8f00000|  0%| F|  |TAMS 0x00000000a8e00000| PB 0x00000000a8e00000| Untracked 
| 143|0x00000000a8f00000, 0x00000000a8f00000, 0x00000000a9000000|  0%| F|  |TAMS 0x00000000a8f00000| PB 0x00000000a8f00000| Untracked 
| 144|0x00000000a9000000, 0x00000000a9100000, 0x00000000a9100000|100%| O|  |TAMS 0x00000000a9000000| PB 0x00000000a9000000| Untracked 
| 145|0x00000000a9100000, 0x00000000a9200000, 0x00000000a9200000|100%| O|  |TAMS 0x00000000a9100000| PB 0x00000000a9100000| Untracked 
| 146|0x00000000a9200000, 0x00000000a9300000, 0x00000000a9300000|100%| O|  |TAMS 0x00000000a9200000| PB 0x00000000a9200000| Untracked 
| 147|0x00000000a9300000, 0x00000000a9400000, 0x00000000a9400000|100%| O|  |TAMS 0x00000000a9300000| PB 0x00000000a9300000| Untracked 
| 148|0x00000000a9400000, 0x00000000a9500000, 0x00000000a9500000|100%| O|  |TAMS 0x00000000a9400000| PB 0x00000000a9400000| Untracked 
| 149|0x00000000a9500000, 0x00000000a9600000, 0x00000000a9600000|100%| O|  |TAMS 0x00000000a9500000| PB 0x00000000a9500000| Untracked 
| 150|0x00000000a9600000, 0x00000000a9600000, 0x00000000a9700000|  0%| F|  |TAMS 0x00000000a9600000| PB 0x00000000a9600000| Untracked 
| 151|0x00000000a9700000, 0x00000000a9800000, 0x00000000a9800000|100%| O|Cm|TAMS 0x00000000a9700000| PB 0x00000000a9700000| Complete 
| 152|0x00000000a9800000, 0x00000000a9800000, 0x00000000a9900000|  0%| F|  |TAMS 0x00000000a9800000| PB 0x00000000a9800000| Untracked 
| 153|0x00000000a9900000, 0x00000000a9a00000, 0x00000000a9a00000|100%| O|  |TAMS 0x00000000a9900000| PB 0x00000000a9900000| Untracked 
| 154|0x00000000a9a00000, 0x00000000a9b00000, 0x00000000a9b00000|100%| O|  |TAMS 0x00000000a9a00000| PB 0x00000000a9a00000| Untracked 
| 155|0x00000000a9b00000, 0x00000000a9c00000, 0x00000000a9c00000|100%| O|Cm|TAMS 0x00000000a9b00000| PB 0x00000000a9b00000| Complete 
| 156|0x00000000a9c00000, 0x00000000a9d00000, 0x00000000a9d00000|100%| O|  |TAMS 0x00000000a9c00000| PB 0x00000000a9c00000| Untracked 
| 157|0x00000000a9d00000, 0x00000000a9d00000, 0x00000000a9e00000|  0%| F|  |TAMS 0x00000000a9d00000| PB 0x00000000a9d00000| Untracked 
| 158|0x00000000a9e00000, 0x00000000a9f00000, 0x00000000a9f00000|100%| O|  |TAMS 0x00000000a9e00000| PB 0x00000000a9e00000| Untracked 
| 159|0x00000000a9f00000, 0x00000000aa000000, 0x00000000aa000000|100%| O|  |TAMS 0x00000000a9f00000| PB 0x00000000a9f00000| Untracked 
| 160|0x00000000aa000000, 0x00000000aa100000, 0x00000000aa100000|100%|HS|  |TAMS 0x00000000aa000000| PB 0x00000000aa000000| Complete 
| 161|0x00000000aa100000, 0x00000000aa200000, 0x00000000aa200000|100%| O|  |TAMS 0x00000000aa100000| PB 0x00000000aa100000| Untracked 
| 162|0x00000000aa200000, 0x00000000aa300000, 0x00000000aa300000|100%| O|Cm|TAMS 0x00000000aa200000| PB 0x00000000aa200000| Complete 
| 163|0x00000000aa300000, 0x00000000aa400000, 0x00000000aa400000|100%| O|Cm|TAMS 0x00000000aa300000| PB 0x00000000aa300000| Complete 
| 164|0x00000000aa400000, 0x00000000aa400000, 0x00000000aa500000|  0%| F|  |TAMS 0x00000000aa400000| PB 0x00000000aa400000| Untracked 
| 165|0x00000000aa500000, 0x00000000aa500000, 0x00000000aa600000|  0%| F|  |TAMS 0x00000000aa500000| PB 0x00000000aa500000| Untracked 
| 166|0x00000000aa600000, 0x00000000aa600000, 0x00000000aa700000|  0%| F|  |TAMS 0x00000000aa600000| PB 0x00000000aa600000| Untracked 
| 167|0x00000000aa700000, 0x00000000aa700000, 0x00000000aa800000|  0%| F|  |TAMS 0x00000000aa700000| PB 0x00000000aa700000| Untracked 
| 168|0x00000000aa800000, 0x00000000aa900000, 0x00000000aa900000|100%| O|Cm|TAMS 0x00000000aa800000| PB 0x00000000aa800000| Complete 
| 169|0x00000000aa900000, 0x00000000aaa00000, 0x00000000aaa00000|100%| O|  |TAMS 0x00000000aa900000| PB 0x00000000aa900000| Untracked 
| 170|0x00000000aaa00000, 0x00000000aab00000, 0x00000000aab00000|100%| O|Cm|TAMS 0x00000000aaa00000| PB 0x00000000aaa00000| Complete 
| 171|0x00000000aab00000, 0x00000000aac00000, 0x00000000aac00000|100%| O|Cm|TAMS 0x00000000aab00000| PB 0x00000000aab00000| Complete 
| 172|0x00000000aac00000, 0x00000000aac00000, 0x00000000aad00000|  0%| F|  |TAMS 0x00000000aac00000| PB 0x00000000aac00000| Untracked 
| 173|0x00000000aad00000, 0x00000000aad00000, 0x00000000aae00000|  0%| F|  |TAMS 0x00000000aad00000| PB 0x00000000aad00000| Untracked 
| 174|0x00000000aae00000, 0x00000000aaf00000, 0x00000000aaf00000|100%| O|  |TAMS 0x00000000aae00000| PB 0x00000000aae00000| Untracked 
| 175|0x00000000aaf00000, 0x00000000ab000000, 0x00000000ab000000|100%| O|  |TAMS 0x00000000aaf00000| PB 0x00000000aaf00000| Untracked 
| 176|0x00000000ab000000, 0x00000000ab000000, 0x00000000ab100000|  0%| F|  |TAMS 0x00000000ab000000| PB 0x00000000ab000000| Untracked 
| 177|0x00000000ab100000, 0x00000000ab100000, 0x00000000ab200000|  0%| F|  |TAMS 0x00000000ab100000| PB 0x00000000ab100000| Untracked 
| 178|0x00000000ab200000, 0x00000000ab200000, 0x00000000ab300000|  0%| F|  |TAMS 0x00000000ab200000| PB 0x00000000ab200000| Untracked 
| 179|0x00000000ab300000, 0x00000000ab400000, 0x00000000ab400000|100%|HS|  |TAMS 0x00000000ab300000| PB 0x00000000ab300000| Complete 
| 180|0x00000000ab400000, 0x00000000ab400000, 0x00000000ab500000|  0%| F|  |TAMS 0x00000000ab400000| PB 0x00000000ab400000| Untracked 
| 181|0x00000000ab500000, 0x00000000ab500000, 0x00000000ab600000|  0%| F|  |TAMS 0x00000000ab500000| PB 0x00000000ab500000| Untracked 
| 182|0x00000000ab600000, 0x00000000ab600000, 0x00000000ab700000|  0%| F|  |TAMS 0x00000000ab600000| PB 0x00000000ab600000| Untracked 
| 183|0x00000000ab700000, 0x00000000ab700000, 0x00000000ab800000|  0%| F|  |TAMS 0x00000000ab700000| PB 0x00000000ab700000| Untracked 
| 184|0x00000000ab800000, 0x00000000ab800000, 0x00000000ab900000|  0%| F|  |TAMS 0x00000000ab800000| PB 0x00000000ab800000| Untracked 
| 185|0x00000000ab900000, 0x00000000aba00000, 0x00000000aba00000|100%| O|  |TAMS 0x00000000ab900000| PB 0x00000000ab900000| Untracked 
| 186|0x00000000aba00000, 0x00000000abb00000, 0x00000000abb00000|100%| O|  |TAMS 0x00000000aba00000| PB 0x00000000aba00000| Untracked 
| 187|0x00000000abb00000, 0x00000000abc00000, 0x00000000abc00000|100%| O|  |TAMS 0x00000000abb00000| PB 0x00000000abb00000| Untracked 
| 188|0x00000000abc00000, 0x00000000abd00000, 0x00000000abd00000|100%| O|  |TAMS 0x00000000abc00000| PB 0x00000000abc00000| Untracked 
| 189|0x00000000abd00000, 0x00000000abe00000, 0x00000000abe00000|100%| O|Cm|TAMS 0x00000000abd00000| PB 0x00000000abd00000| Complete 
| 190|0x00000000abe00000, 0x00000000abf00000, 0x00000000abf00000|100%| O|Cm|TAMS 0x00000000abe00000| PB 0x00000000abe00000| Complete 
| 191|0x00000000abf00000, 0x00000000ac000000, 0x00000000ac000000|100%|HS|  |TAMS 0x00000000abf00000| PB 0x00000000abf00000| Complete 
| 192|0x00000000ac000000, 0x00000000ac100000, 0x00000000ac100000|100%|HC|  |TAMS 0x00000000ac000000| PB 0x00000000ac000000| Complete 
| 193|0x00000000ac100000, 0x00000000ac200000, 0x00000000ac200000|100%|HC|  |TAMS 0x00000000ac100000| PB 0x00000000ac100000| Complete 
| 194|0x00000000ac200000, 0x00000000ac300000, 0x00000000ac300000|100%|HC|  |TAMS 0x00000000ac200000| PB 0x00000000ac200000| Complete 
| 195|0x00000000ac300000, 0x00000000ac400000, 0x00000000ac400000|100%|HC|  |TAMS 0x00000000ac300000| PB 0x00000000ac300000| Complete 
| 196|0x00000000ac400000, 0x00000000ac500000, 0x00000000ac500000|100%|HC|  |TAMS 0x00000000ac400000| PB 0x00000000ac400000| Complete 
| 197|0x00000000ac500000, 0x00000000ac600000, 0x00000000ac600000|100%|HC|  |TAMS 0x00000000ac500000| PB 0x00000000ac500000| Complete 
| 198|0x00000000ac600000, 0x00000000ac700000, 0x00000000ac700000|100%|HC|  |TAMS 0x00000000ac600000| PB 0x00000000ac600000| Complete 
| 199|0x00000000ac700000, 0x00000000ac800000, 0x00000000ac800000|100%|HC|  |TAMS 0x00000000ac700000| PB 0x00000000ac700000| Complete 
| 200|0x00000000ac800000, 0x00000000ac800000, 0x00000000ac900000|  0%| F|  |TAMS 0x00000000ac800000| PB 0x00000000ac800000| Untracked 
| 201|0x00000000ac900000, 0x00000000ac900000, 0x00000000aca00000|  0%| F|  |TAMS 0x00000000ac900000| PB 0x00000000ac900000| Untracked 
| 202|0x00000000aca00000, 0x00000000aca00000, 0x00000000acb00000|  0%| F|  |TAMS 0x00000000aca00000| PB 0x00000000aca00000| Untracked 
| 203|0x00000000acb00000, 0x00000000acb00000, 0x00000000acc00000|  0%| F|  |TAMS 0x00000000acb00000| PB 0x00000000acb00000| Untracked 
| 204|0x00000000acc00000, 0x00000000acc00000, 0x00000000acd00000|  0%| F|  |TAMS 0x00000000acc00000| PB 0x00000000acc00000| Untracked 
| 205|0x00000000acd00000, 0x00000000acd00000, 0x00000000ace00000|  0%| F|  |TAMS 0x00000000acd00000| PB 0x00000000acd00000| Untracked 
| 206|0x00000000ace00000, 0x00000000ace00000, 0x00000000acf00000|  0%| F|  |TAMS 0x00000000ace00000| PB 0x00000000ace00000| Untracked 
| 207|0x00000000acf00000, 0x00000000acf00000, 0x00000000ad000000|  0%| F|  |TAMS 0x00000000acf00000| PB 0x00000000acf00000| Untracked 
| 208|0x00000000ad000000, 0x00000000ad000000, 0x00000000ad100000|  0%| F|  |TAMS 0x00000000ad000000| PB 0x00000000ad000000| Untracked 
| 209|0x00000000ad100000, 0x00000000ad100000, 0x00000000ad200000|  0%| F|  |TAMS 0x00000000ad100000| PB 0x00000000ad100000| Untracked 
| 210|0x00000000ad200000, 0x00000000ad200000, 0x00000000ad300000|  0%| F|  |TAMS 0x00000000ad200000| PB 0x00000000ad200000| Untracked 
| 211|0x00000000ad300000, 0x00000000ad300000, 0x00000000ad400000|  0%| F|  |TAMS 0x00000000ad300000| PB 0x00000000ad300000| Untracked 
| 212|0x00000000ad400000, 0x00000000ad400000, 0x00000000ad500000|  0%| F|  |TAMS 0x00000000ad400000| PB 0x00000000ad400000| Untracked 
| 213|0x00000000ad500000, 0x00000000ad500000, 0x00000000ad600000|  0%| F|  |TAMS 0x00000000ad500000| PB 0x00000000ad500000| Untracked 
| 214|0x00000000ad600000, 0x00000000ad600000, 0x00000000ad700000|  0%| F|  |TAMS 0x00000000ad600000| PB 0x00000000ad600000| Untracked 
| 215|0x00000000ad700000, 0x00000000ad700000, 0x00000000ad800000|  0%| F|  |TAMS 0x00000000ad700000| PB 0x00000000ad700000| Untracked 
| 216|0x00000000ad800000, 0x00000000ad800000, 0x00000000ad900000|  0%| F|  |TAMS 0x00000000ad800000| PB 0x00000000ad800000| Untracked 
| 217|0x00000000ad900000, 0x00000000ad900000, 0x00000000ada00000|  0%| F|  |TAMS 0x00000000ad900000| PB 0x00000000ad900000| Untracked 
| 218|0x00000000ada00000, 0x00000000adb00000, 0x00000000adb00000|100%| O|  |TAMS 0x00000000ada00000| PB 0x00000000ada00000| Untracked 
| 219|0x00000000adb00000, 0x00000000adb00000, 0x00000000adc00000|  0%| F|  |TAMS 0x00000000adb00000| PB 0x00000000adb00000| Untracked 
| 220|0x00000000adc00000, 0x00000000adc00000, 0x00000000add00000|  0%| F|  |TAMS 0x00000000adc00000| PB 0x00000000adc00000| Untracked 
| 221|0x00000000add00000, 0x00000000add00000, 0x00000000ade00000|  0%| F|  |TAMS 0x00000000add00000| PB 0x00000000add00000| Untracked 
| 222|0x00000000ade00000, 0x00000000adf00000, 0x00000000adf00000|100%| O|  |TAMS 0x00000000ade00000| PB 0x00000000ade00000| Untracked 
| 223|0x00000000adf00000, 0x00000000adf00000, 0x00000000ae000000|  0%| F|  |TAMS 0x00000000adf00000| PB 0x00000000adf00000| Untracked 
| 224|0x00000000ae000000, 0x00000000ae000000, 0x00000000ae100000|  0%| F|  |TAMS 0x00000000ae000000| PB 0x00000000ae000000| Untracked 
| 225|0x00000000ae100000, 0x00000000ae100000, 0x00000000ae200000|  0%| F|  |TAMS 0x00000000ae100000| PB 0x00000000ae100000| Untracked 
| 226|0x00000000ae200000, 0x00000000ae200000, 0x00000000ae300000|  0%| F|  |TAMS 0x00000000ae200000| PB 0x00000000ae200000| Untracked 
| 227|0x00000000ae300000, 0x00000000ae300000, 0x00000000ae400000|  0%| F|  |TAMS 0x00000000ae300000| PB 0x00000000ae300000| Untracked 
| 228|0x00000000ae400000, 0x00000000ae500000, 0x00000000ae500000|100%| O|  |TAMS 0x00000000ae400000| PB 0x00000000ae400000| Untracked 
| 229|0x00000000ae500000, 0x00000000ae500000, 0x00000000ae600000|  0%| F|  |TAMS 0x00000000ae500000| PB 0x00000000ae500000| Untracked 
| 230|0x00000000ae600000, 0x00000000ae600000, 0x00000000ae700000|  0%| F|  |TAMS 0x00000000ae600000| PB 0x00000000ae600000| Untracked 
| 231|0x00000000ae700000, 0x00000000ae700000, 0x00000000ae800000|  0%| F|  |TAMS 0x00000000ae700000| PB 0x00000000ae700000| Untracked 
| 232|0x00000000ae800000, 0x00000000ae800000, 0x00000000ae900000|  0%| F|  |TAMS 0x00000000ae800000| PB 0x00000000ae800000| Untracked 
| 233|0x00000000ae900000, 0x00000000ae900000, 0x00000000aea00000|  0%| F|  |TAMS 0x00000000ae900000| PB 0x00000000ae900000| Untracked 
| 234|0x00000000aea00000, 0x00000000aea00000, 0x00000000aeb00000|  0%| F|  |TAMS 0x00000000aea00000| PB 0x00000000aea00000| Untracked 
| 235|0x00000000aeb00000, 0x00000000aeb00000, 0x00000000aec00000|  0%| F|  |TAMS 0x00000000aeb00000| PB 0x00000000aeb00000| Untracked 
| 236|0x00000000aec00000, 0x00000000aec00000, 0x00000000aed00000|  0%| F|  |TAMS 0x00000000aec00000| PB 0x00000000aec00000| Untracked 
| 237|0x00000000aed00000, 0x00000000aed00000, 0x00000000aee00000|  0%| F|  |TAMS 0x00000000aed00000| PB 0x00000000aed00000| Untracked 
| 238|0x00000000aee00000, 0x00000000aee00000, 0x00000000aef00000|  0%| F|  |TAMS 0x00000000aee00000| PB 0x00000000aee00000| Untracked 
| 239|0x00000000aef00000, 0x00000000aef00000, 0x00000000af000000|  0%| F|  |TAMS 0x00000000aef00000| PB 0x00000000aef00000| Untracked 
| 240|0x00000000af000000, 0x00000000af100000, 0x00000000af100000|100%| S|CS|TAMS 0x00000000af000000| PB 0x00000000af000000| Complete 
| 241|0x00000000af100000, 0x00000000af200000, 0x00000000af200000|100%| S|CS|TAMS 0x00000000af100000| PB 0x00000000af100000| Complete 
| 242|0x00000000af200000, 0x00000000af300000, 0x00000000af300000|100%| S|CS|TAMS 0x00000000af200000| PB 0x00000000af200000| Complete 
| 243|0x00000000af300000, 0x00000000af400000, 0x00000000af400000|100%| S|CS|TAMS 0x00000000af300000| PB 0x00000000af300000| Complete 
| 244|0x00000000af400000, 0x00000000af500000, 0x00000000af500000|100%| S|CS|TAMS 0x00000000af400000| PB 0x00000000af400000| Complete 
| 245|0x00000000af500000, 0x00000000af600000, 0x00000000af600000|100%| S|CS|TAMS 0x00000000af500000| PB 0x00000000af500000| Complete 
| 246|0x00000000af600000, 0x00000000af600000, 0x00000000af700000|  0%| F|  |TAMS 0x00000000af600000| PB 0x00000000af600000| Untracked 
| 247|0x00000000af700000, 0x00000000af700000, 0x00000000af800000|  0%| F|  |TAMS 0x00000000af700000| PB 0x00000000af700000| Untracked 
| 248|0x00000000af800000, 0x00000000af800000, 0x00000000af900000|  0%| F|  |TAMS 0x00000000af800000| PB 0x00000000af800000| Untracked 
| 249|0x00000000af900000, 0x00000000afa00000, 0x00000000afa00000|100%| O|  |TAMS 0x00000000af900000| PB 0x00000000af900000| Untracked 
| 250|0x00000000afa00000, 0x00000000afb00000, 0x00000000afb00000|100%| O|  |TAMS 0x00000000afa00000| PB 0x00000000afa00000| Untracked 
| 251|0x00000000afb00000, 0x00000000afc00000, 0x00000000afc00000|100%| O|  |TAMS 0x00000000afb00000| PB 0x00000000afb00000| Untracked 
| 252|0x00000000afc00000, 0x00000000afd00000, 0x00000000afd00000|100%| O|  |TAMS 0x00000000afc00000| PB 0x00000000afc00000| Untracked 
| 253|0x00000000afd00000, 0x00000000afe00000, 0x00000000afe00000|100%| O|  |TAMS 0x00000000afd00000| PB 0x00000000afd00000| Untracked 
| 254|0x00000000afe00000, 0x00000000aff00000, 0x00000000aff00000|100%| O|  |TAMS 0x00000000afe00000| PB 0x00000000afe00000| Untracked 
| 255|0x00000000aff00000, 0x00000000b0000000, 0x00000000b0000000|100%| O|  |TAMS 0x00000000aff00000| PB 0x00000000aff00000| Untracked 
| 256|0x00000000b0000000, 0x00000000b0100000, 0x00000000b0100000|100%| O|  |TAMS 0x00000000b0000000| PB 0x00000000b0000000| Untracked 
| 257|0x00000000b0100000, 0x00000000b0200000, 0x00000000b0200000|100%| O|Cm|TAMS 0x00000000b0100000| PB 0x00000000b0100000| Complete 
| 258|0x00000000b0200000, 0x00000000b0200000, 0x00000000b0300000|  0%| F|  |TAMS 0x00000000b0200000| PB 0x00000000b0200000| Untracked 
| 259|0x00000000b0300000, 0x00000000b0300000, 0x00000000b0400000|  0%| F|  |TAMS 0x00000000b0300000| PB 0x00000000b0300000| Untracked 
| 260|0x00000000b0400000, 0x00000000b0400000, 0x00000000b0500000|  0%| F|  |TAMS 0x00000000b0400000| PB 0x00000000b0400000| Untracked 
| 261|0x00000000b0500000, 0x00000000b0500000, 0x00000000b0600000|  0%| F|  |TAMS 0x00000000b0500000| PB 0x00000000b0500000| Untracked 
| 262|0x00000000b0600000, 0x00000000b0600000, 0x00000000b0700000|  0%| F|  |TAMS 0x00000000b0600000| PB 0x00000000b0600000| Untracked 
| 263|0x00000000b0700000, 0x00000000b0700000, 0x00000000b0800000|  0%| F|  |TAMS 0x00000000b0700000| PB 0x00000000b0700000| Untracked 
| 264|0x00000000b0800000, 0x00000000b0800000, 0x00000000b0900000|  0%| F|  |TAMS 0x00000000b0800000| PB 0x00000000b0800000| Untracked 
| 265|0x00000000b0900000, 0x00000000b0900000, 0x00000000b0a00000|  0%| F|  |TAMS 0x00000000b0900000| PB 0x00000000b0900000| Untracked 
| 266|0x00000000b0a00000, 0x00000000b0a00000, 0x00000000b0b00000|  0%| F|  |TAMS 0x00000000b0a00000| PB 0x00000000b0a00000| Untracked 
| 267|0x00000000b0b00000, 0x00000000b0b00000, 0x00000000b0c00000|  0%| F|  |TAMS 0x00000000b0b00000| PB 0x00000000b0b00000| Untracked 
| 268|0x00000000b0c00000, 0x00000000b0c00000, 0x00000000b0d00000|  0%| F|  |TAMS 0x00000000b0c00000| PB 0x00000000b0c00000| Untracked 
| 269|0x00000000b0d00000, 0x00000000b0d00000, 0x00000000b0e00000|  0%| F|  |TAMS 0x00000000b0d00000| PB 0x00000000b0d00000| Untracked 
| 270|0x00000000b0e00000, 0x00000000b0e00000, 0x00000000b0f00000|  0%| F|  |TAMS 0x00000000b0e00000| PB 0x00000000b0e00000| Untracked 
| 271|0x00000000b0f00000, 0x00000000b0f00000, 0x00000000b1000000|  0%| F|  |TAMS 0x00000000b0f00000| PB 0x00000000b0f00000| Untracked 
| 272|0x00000000b1000000, 0x00000000b1000000, 0x00000000b1100000|  0%| F|  |TAMS 0x00000000b1000000| PB 0x00000000b1000000| Untracked 
| 273|0x00000000b1100000, 0x00000000b1100000, 0x00000000b1200000|  0%| F|  |TAMS 0x00000000b1100000| PB 0x00000000b1100000| Untracked 
| 274|0x00000000b1200000, 0x00000000b1200000, 0x00000000b1300000|  0%| F|  |TAMS 0x00000000b1200000| PB 0x00000000b1200000| Untracked 
| 275|0x00000000b1300000, 0x00000000b1300000, 0x00000000b1400000|  0%| F|  |TAMS 0x00000000b1300000| PB 0x00000000b1300000| Untracked 
| 276|0x00000000b1400000, 0x00000000b1400000, 0x00000000b1500000|  0%| F|  |TAMS 0x00000000b1400000| PB 0x00000000b1400000| Untracked 
| 277|0x00000000b1500000, 0x00000000b1500000, 0x00000000b1600000|  0%| F|  |TAMS 0x00000000b1500000| PB 0x00000000b1500000| Untracked 
| 278|0x00000000b1600000, 0x00000000b1600000, 0x00000000b1700000|  0%| F|  |TAMS 0x00000000b1600000| PB 0x00000000b1600000| Untracked 
| 279|0x00000000b1700000, 0x00000000b1700000, 0x00000000b1800000|  0%| F|  |TAMS 0x00000000b1700000| PB 0x00000000b1700000| Untracked 
| 280|0x00000000b1800000, 0x00000000b1800000, 0x00000000b1900000|  0%| F|  |TAMS 0x00000000b1800000| PB 0x00000000b1800000| Untracked 
| 281|0x00000000b1900000, 0x00000000b1900000, 0x00000000b1a00000|  0%| F|  |TAMS 0x00000000b1900000| PB 0x00000000b1900000| Untracked 
| 282|0x00000000b1a00000, 0x00000000b1a00000, 0x00000000b1b00000|  0%| F|  |TAMS 0x00000000b1a00000| PB 0x00000000b1a00000| Untracked 
| 283|0x00000000b1b00000, 0x00000000b1b00000, 0x00000000b1c00000|  0%| F|  |TAMS 0x00000000b1b00000| PB 0x00000000b1b00000| Untracked 
| 284|0x00000000b1c00000, 0x00000000b1c00000, 0x00000000b1d00000|  0%| F|  |TAMS 0x00000000b1c00000| PB 0x00000000b1c00000| Untracked 
| 285|0x00000000b1d00000, 0x00000000b1d00000, 0x00000000b1e00000|  0%| F|  |TAMS 0x00000000b1d00000| PB 0x00000000b1d00000| Untracked 
| 286|0x00000000b1e00000, 0x00000000b1e00000, 0x00000000b1f00000|  0%| F|  |TAMS 0x00000000b1e00000| PB 0x00000000b1e00000| Untracked 
| 287|0x00000000b1f00000, 0x00000000b1f00000, 0x00000000b2000000|  0%| F|  |TAMS 0x00000000b1f00000| PB 0x00000000b1f00000| Untracked 
| 288|0x00000000b2000000, 0x00000000b2000000, 0x00000000b2100000|  0%| F|  |TAMS 0x00000000b2000000| PB 0x00000000b2000000| Untracked 
| 289|0x00000000b2100000, 0x00000000b2100000, 0x00000000b2200000|  0%| F|  |TAMS 0x00000000b2100000| PB 0x00000000b2100000| Untracked 
| 290|0x00000000b2200000, 0x00000000b2200000, 0x00000000b2300000|  0%| F|  |TAMS 0x00000000b2200000| PB 0x00000000b2200000| Untracked 
| 291|0x00000000b2300000, 0x00000000b2300000, 0x00000000b2400000|  0%| F|  |TAMS 0x00000000b2300000| PB 0x00000000b2300000| Untracked 
| 292|0x00000000b2400000, 0x00000000b2400000, 0x00000000b2500000|  0%| F|  |TAMS 0x00000000b2400000| PB 0x00000000b2400000| Untracked 
| 293|0x00000000b2500000, 0x00000000b2500000, 0x00000000b2600000|  0%| F|  |TAMS 0x00000000b2500000| PB 0x00000000b2500000| Untracked 
| 294|0x00000000b2600000, 0x00000000b2600000, 0x00000000b2700000|  0%| F|  |TAMS 0x00000000b2600000| PB 0x00000000b2600000| Untracked 
| 295|0x00000000b2700000, 0x00000000b2700000, 0x00000000b2800000|  0%| F|  |TAMS 0x00000000b2700000| PB 0x00000000b2700000| Untracked 
| 296|0x00000000b2800000, 0x00000000b2800000, 0x00000000b2900000|  0%| F|  |TAMS 0x00000000b2800000| PB 0x00000000b2800000| Untracked 
| 297|0x00000000b2900000, 0x00000000b2900000, 0x00000000b2a00000|  0%| F|  |TAMS 0x00000000b2900000| PB 0x00000000b2900000| Untracked 
| 298|0x00000000b2a00000, 0x00000000b2a00000, 0x00000000b2b00000|  0%| F|  |TAMS 0x00000000b2a00000| PB 0x00000000b2a00000| Untracked 
| 299|0x00000000b2b00000, 0x00000000b2b00000, 0x00000000b2c00000|  0%| F|  |TAMS 0x00000000b2b00000| PB 0x00000000b2b00000| Untracked 
| 300|0x00000000b2c00000, 0x00000000b2c00000, 0x00000000b2d00000|  0%| F|  |TAMS 0x00000000b2c00000| PB 0x00000000b2c00000| Untracked 
| 301|0x00000000b2d00000, 0x00000000b2d00000, 0x00000000b2e00000|  0%| F|  |TAMS 0x00000000b2d00000| PB 0x00000000b2d00000| Untracked 
| 302|0x00000000b2e00000, 0x00000000b2e00000, 0x00000000b2f00000|  0%| F|  |TAMS 0x00000000b2e00000| PB 0x00000000b2e00000| Untracked 
| 303|0x00000000b2f00000, 0x00000000b2f00000, 0x00000000b3000000|  0%| F|  |TAMS 0x00000000b2f00000| PB 0x00000000b2f00000| Untracked 
| 304|0x00000000b3000000, 0x00000000b3000000, 0x00000000b3100000|  0%| F|  |TAMS 0x00000000b3000000| PB 0x00000000b3000000| Untracked 
| 305|0x00000000b3100000, 0x00000000b3100000, 0x00000000b3200000|  0%| F|  |TAMS 0x00000000b3100000| PB 0x00000000b3100000| Untracked 
| 306|0x00000000b3200000, 0x00000000b3200000, 0x00000000b3300000|  0%| F|  |TAMS 0x00000000b3200000| PB 0x00000000b3200000| Untracked 
| 307|0x00000000b3300000, 0x00000000b3300000, 0x00000000b3400000|  0%| F|  |TAMS 0x00000000b3300000| PB 0x00000000b3300000| Untracked 
| 308|0x00000000b3400000, 0x00000000b3400000, 0x00000000b3500000|  0%| F|  |TAMS 0x00000000b3400000| PB 0x00000000b3400000| Untracked 
| 309|0x00000000b3500000, 0x00000000b3500000, 0x00000000b3600000|  0%| F|  |TAMS 0x00000000b3500000| PB 0x00000000b3500000| Untracked 
| 310|0x00000000b3600000, 0x00000000b3600000, 0x00000000b3700000|  0%| F|  |TAMS 0x00000000b3600000| PB 0x00000000b3600000| Untracked 
| 311|0x00000000b3700000, 0x00000000b3700000, 0x00000000b3800000|  0%| F|  |TAMS 0x00000000b3700000| PB 0x00000000b3700000| Untracked 
| 312|0x00000000b3800000, 0x00000000b3800000, 0x00000000b3900000|  0%| F|  |TAMS 0x00000000b3800000| PB 0x00000000b3800000| Untracked 
| 313|0x00000000b3900000, 0x00000000b3900000, 0x00000000b3a00000|  0%| F|  |TAMS 0x00000000b3900000| PB 0x00000000b3900000| Untracked 
| 314|0x00000000b3a00000, 0x00000000b3a00000, 0x00000000b3b00000|  0%| F|  |TAMS 0x00000000b3a00000| PB 0x00000000b3a00000| Untracked 
| 315|0x00000000b3b00000, 0x00000000b3b00000, 0x00000000b3c00000|  0%| F|  |TAMS 0x00000000b3b00000| PB 0x00000000b3b00000| Untracked 
| 316|0x00000000b3c00000, 0x00000000b3c00000, 0x00000000b3d00000|  0%| F|  |TAMS 0x00000000b3c00000| PB 0x00000000b3c00000| Untracked 
| 317|0x00000000b3d00000, 0x00000000b3d00000, 0x00000000b3e00000|  0%| F|  |TAMS 0x00000000b3d00000| PB 0x00000000b3d00000| Untracked 
| 318|0x00000000b3e00000, 0x00000000b3e00000, 0x00000000b3f00000|  0%| F|  |TAMS 0x00000000b3e00000| PB 0x00000000b3e00000| Untracked 
| 319|0x00000000b3f00000, 0x00000000b3f00000, 0x00000000b4000000|  0%| F|  |TAMS 0x00000000b3f00000| PB 0x00000000b3f00000| Untracked 
| 320|0x00000000b4000000, 0x00000000b4000000, 0x00000000b4100000|  0%| F|  |TAMS 0x00000000b4000000| PB 0x00000000b4000000| Untracked 
| 321|0x00000000b4100000, 0x00000000b4100000, 0x00000000b4200000|  0%| F|  |TAMS 0x00000000b4100000| PB 0x00000000b4100000| Untracked 
| 322|0x00000000b4200000, 0x00000000b4200000, 0x00000000b4300000|  0%| F|  |TAMS 0x00000000b4200000| PB 0x00000000b4200000| Untracked 
| 323|0x00000000b4300000, 0x00000000b4300000, 0x00000000b4400000|  0%| F|  |TAMS 0x00000000b4300000| PB 0x00000000b4300000| Untracked 
| 324|0x00000000b4400000, 0x00000000b4400000, 0x00000000b4500000|  0%| F|  |TAMS 0x00000000b4400000| PB 0x00000000b4400000| Untracked 
| 325|0x00000000b4500000, 0x00000000b4500000, 0x00000000b4600000|  0%| F|  |TAMS 0x00000000b4500000| PB 0x00000000b4500000| Untracked 
| 326|0x00000000b4600000, 0x00000000b4600000, 0x00000000b4700000|  0%| F|  |TAMS 0x00000000b4600000| PB 0x00000000b4600000| Untracked 
| 327|0x00000000b4700000, 0x00000000b4700000, 0x00000000b4800000|  0%| F|  |TAMS 0x00000000b4700000| PB 0x00000000b4700000| Untracked 
| 328|0x00000000b4800000, 0x00000000b4800000, 0x00000000b4900000|  0%| F|  |TAMS 0x00000000b4800000| PB 0x00000000b4800000| Untracked 
| 329|0x00000000b4900000, 0x00000000b4900000, 0x00000000b4a00000|  0%| F|  |TAMS 0x00000000b4900000| PB 0x00000000b4900000| Untracked 
| 330|0x00000000b4a00000, 0x00000000b4a00000, 0x00000000b4b00000|  0%| F|  |TAMS 0x00000000b4a00000| PB 0x00000000b4a00000| Untracked 
| 331|0x00000000b4b00000, 0x00000000b4b00000, 0x00000000b4c00000|  0%| F|  |TAMS 0x00000000b4b00000| PB 0x00000000b4b00000| Untracked 
| 332|0x00000000b4c00000, 0x00000000b4c00000, 0x00000000b4d00000|  0%| F|  |TAMS 0x00000000b4c00000| PB 0x00000000b4c00000| Untracked 
| 333|0x00000000b4d00000, 0x00000000b4d00000, 0x00000000b4e00000|  0%| F|  |TAMS 0x00000000b4d00000| PB 0x00000000b4d00000| Untracked 
| 334|0x00000000b4e00000, 0x00000000b4e00000, 0x00000000b4f00000|  0%| F|  |TAMS 0x00000000b4e00000| PB 0x00000000b4e00000| Untracked 
| 335|0x00000000b4f00000, 0x00000000b4f00000, 0x00000000b5000000|  0%| F|  |TAMS 0x00000000b4f00000| PB 0x00000000b4f00000| Untracked 
| 336|0x00000000b5000000, 0x00000000b5000000, 0x00000000b5100000|  0%| F|  |TAMS 0x00000000b5000000| PB 0x00000000b5000000| Untracked 
| 337|0x00000000b5100000, 0x00000000b5100000, 0x00000000b5200000|  0%| F|  |TAMS 0x00000000b5100000| PB 0x00000000b5100000| Untracked 
| 338|0x00000000b5200000, 0x00000000b5200000, 0x00000000b5300000|  0%| F|  |TAMS 0x00000000b5200000| PB 0x00000000b5200000| Untracked 
| 339|0x00000000b5300000, 0x00000000b5300000, 0x00000000b5400000|  0%| F|  |TAMS 0x00000000b5300000| PB 0x00000000b5300000| Untracked 
| 340|0x00000000b5400000, 0x00000000b5400000, 0x00000000b5500000|  0%| F|  |TAMS 0x00000000b5400000| PB 0x00000000b5400000| Untracked 
| 341|0x00000000b5500000, 0x00000000b5500000, 0x00000000b5600000|  0%| F|  |TAMS 0x00000000b5500000| PB 0x00000000b5500000| Untracked 
| 342|0x00000000b5600000, 0x00000000b5600000, 0x00000000b5700000|  0%| F|  |TAMS 0x00000000b5600000| PB 0x00000000b5600000| Untracked 
| 343|0x00000000b5700000, 0x00000000b5700000, 0x00000000b5800000|  0%| F|  |TAMS 0x00000000b5700000| PB 0x00000000b5700000| Untracked 
| 344|0x00000000b5800000, 0x00000000b5800000, 0x00000000b5900000|  0%| F|  |TAMS 0x00000000b5800000| PB 0x00000000b5800000| Untracked 
| 345|0x00000000b5900000, 0x00000000b5900000, 0x00000000b5a00000|  0%| F|  |TAMS 0x00000000b5900000| PB 0x00000000b5900000| Untracked 
| 346|0x00000000b5a00000, 0x00000000b5a00000, 0x00000000b5b00000|  0%| F|  |TAMS 0x00000000b5a00000| PB 0x00000000b5a00000| Untracked 
| 347|0x00000000b5b00000, 0x00000000b5b00000, 0x00000000b5c00000|  0%| F|  |TAMS 0x00000000b5b00000| PB 0x00000000b5b00000| Untracked 
| 348|0x00000000b5c00000, 0x00000000b5c00000, 0x00000000b5d00000|  0%| F|  |TAMS 0x00000000b5c00000| PB 0x00000000b5c00000| Untracked 
| 349|0x00000000b5d00000, 0x00000000b5d00000, 0x00000000b5e00000|  0%| F|  |TAMS 0x00000000b5d00000| PB 0x00000000b5d00000| Untracked 
| 350|0x00000000b5e00000, 0x00000000b5e00000, 0x00000000b5f00000|  0%| F|  |TAMS 0x00000000b5e00000| PB 0x00000000b5e00000| Untracked 
| 351|0x00000000b5f00000, 0x00000000b5f00000, 0x00000000b6000000|  0%| F|  |TAMS 0x00000000b5f00000| PB 0x00000000b5f00000| Untracked 
| 352|0x00000000b6000000, 0x00000000b6000000, 0x00000000b6100000|  0%| F|  |TAMS 0x00000000b6000000| PB 0x00000000b6000000| Untracked 
| 353|0x00000000b6100000, 0x00000000b6100000, 0x00000000b6200000|  0%| F|  |TAMS 0x00000000b6100000| PB 0x00000000b6100000| Untracked 
| 354|0x00000000b6200000, 0x00000000b6200000, 0x00000000b6300000|  0%| F|  |TAMS 0x00000000b6200000| PB 0x00000000b6200000| Untracked 
| 355|0x00000000b6300000, 0x00000000b6300000, 0x00000000b6400000|  0%| F|  |TAMS 0x00000000b6300000| PB 0x00000000b6300000| Untracked 
| 356|0x00000000b6400000, 0x00000000b6400000, 0x00000000b6500000|  0%| F|  |TAMS 0x00000000b6400000| PB 0x00000000b6400000| Untracked 
| 357|0x00000000b6500000, 0x00000000b6500000, 0x00000000b6600000|  0%| F|  |TAMS 0x00000000b6500000| PB 0x00000000b6500000| Untracked 
| 358|0x00000000b6600000, 0x00000000b6600000, 0x00000000b6700000|  0%| F|  |TAMS 0x00000000b6600000| PB 0x00000000b6600000| Untracked 
| 359|0x00000000b6700000, 0x00000000b6700000, 0x00000000b6800000|  0%| F|  |TAMS 0x00000000b6700000| PB 0x00000000b6700000| Untracked 
| 360|0x00000000b6800000, 0x00000000b6800000, 0x00000000b6900000|  0%| F|  |TAMS 0x00000000b6800000| PB 0x00000000b6800000| Untracked 
| 361|0x00000000b6900000, 0x00000000b6900000, 0x00000000b6a00000|  0%| F|  |TAMS 0x00000000b6900000| PB 0x00000000b6900000| Untracked 
| 362|0x00000000b6a00000, 0x00000000b6a00000, 0x00000000b6b00000|  0%| F|  |TAMS 0x00000000b6a00000| PB 0x00000000b6a00000| Untracked 
| 363|0x00000000b6b00000, 0x00000000b6b00000, 0x00000000b6c00000|  0%| F|  |TAMS 0x00000000b6b00000| PB 0x00000000b6b00000| Untracked 
| 364|0x00000000b6c00000, 0x00000000b6c00000, 0x00000000b6d00000|  0%| F|  |TAMS 0x00000000b6c00000| PB 0x00000000b6c00000| Untracked 
| 365|0x00000000b6d00000, 0x00000000b6d00000, 0x00000000b6e00000|  0%| F|  |TAMS 0x00000000b6d00000| PB 0x00000000b6d00000| Untracked 
| 366|0x00000000b6e00000, 0x00000000b6e00000, 0x00000000b6f00000|  0%| F|  |TAMS 0x00000000b6e00000| PB 0x00000000b6e00000| Untracked 
| 367|0x00000000b6f00000, 0x00000000b6f00000, 0x00000000b7000000|  0%| F|  |TAMS 0x00000000b6f00000| PB 0x00000000b6f00000| Untracked 
| 368|0x00000000b7000000, 0x00000000b7000000, 0x00000000b7100000|  0%| F|  |TAMS 0x00000000b7000000| PB 0x00000000b7000000| Untracked 
| 369|0x00000000b7100000, 0x00000000b7100000, 0x00000000b7200000|  0%| F|  |TAMS 0x00000000b7100000| PB 0x00000000b7100000| Untracked 
| 370|0x00000000b7200000, 0x00000000b7200000, 0x00000000b7300000|  0%| F|  |TAMS 0x00000000b7200000| PB 0x00000000b7200000| Untracked 
| 371|0x00000000b7300000, 0x00000000b7300000, 0x00000000b7400000|  0%| F|  |TAMS 0x00000000b7300000| PB 0x00000000b7300000| Untracked 
| 372|0x00000000b7400000, 0x00000000b7400000, 0x00000000b7500000|  0%| F|  |TAMS 0x00000000b7400000| PB 0x00000000b7400000| Untracked 
| 373|0x00000000b7500000, 0x00000000b7500000, 0x00000000b7600000|  0%| F|  |TAMS 0x00000000b7500000| PB 0x00000000b7500000| Untracked 
| 374|0x00000000b7600000, 0x00000000b7600000, 0x00000000b7700000|  0%| F|  |TAMS 0x00000000b7600000| PB 0x00000000b7600000| Untracked 
| 375|0x00000000b7700000, 0x00000000b7700000, 0x00000000b7800000|  0%| F|  |TAMS 0x00000000b7700000| PB 0x00000000b7700000| Untracked 
|1377|0x00000000f6100000, 0x00000000f6100000, 0x00000000f6200000|  0%| F|  |TAMS 0x00000000f6100000| PB 0x00000000f6100000| Untracked 
|1378|0x00000000f6200000, 0x00000000f6300000, 0x00000000f6300000|100%| O|Cm|TAMS 0x00000000f6200000| PB 0x00000000f6200000| Complete 
|1379|0x00000000f6300000, 0x00000000f6400000, 0x00000000f6400000|100%| O|Cm|TAMS 0x00000000f6300000| PB 0x00000000f6300000| Complete 
|1380|0x00000000f6400000, 0x00000000f6500000, 0x00000000f6500000|100%| O|Cm|TAMS 0x00000000f6400000| PB 0x00000000f6400000| Complete 
|1381|0x00000000f6500000, 0x00000000f6600000, 0x00000000f6600000|100%| O|Cm|TAMS 0x00000000f6500000| PB 0x00000000f6500000| Complete 
|1382|0x00000000f6600000, 0x00000000f6700000, 0x00000000f6700000|100%| O|Cm|TAMS 0x00000000f6600000| PB 0x00000000f6600000| Complete 
|1383|0x00000000f6700000, 0x00000000f6800000, 0x00000000f6800000|100%| O|Cm|TAMS 0x00000000f6700000| PB 0x00000000f6700000| Complete 
|1384|0x00000000f6800000, 0x00000000f6900000, 0x00000000f6900000|100%| O|Cm|TAMS 0x00000000f6800000| PB 0x00000000f6800000| Complete 
|1385|0x00000000f6900000, 0x00000000f6a00000, 0x00000000f6a00000|100%| O|Cm|TAMS 0x00000000f6900000| PB 0x00000000f6900000| Complete 
|1386|0x00000000f6a00000, 0x00000000f6b00000, 0x00000000f6b00000|100%| O|Cm|TAMS 0x00000000f6a00000| PB 0x00000000f6a00000| Complete 
|1387|0x00000000f6b00000, 0x00000000f6c00000, 0x00000000f6c00000|100%| O|Cm|TAMS 0x00000000f6b00000| PB 0x00000000f6b00000| Complete 
|1388|0x00000000f6c00000, 0x00000000f6d00000, 0x00000000f6d00000|100%| O|Cm|TAMS 0x00000000f6c00000| PB 0x00000000f6c00000| Complete 
|1389|0x00000000f6d00000, 0x00000000f6e00000, 0x00000000f6e00000|100%| O|Cm|TAMS 0x00000000f6d00000| PB 0x00000000f6d00000| Complete 
|1390|0x00000000f6e00000, 0x00000000f6e00000, 0x00000000f6f00000|  0%| F|  |TAMS 0x00000000f6e00000| PB 0x00000000f6e00000| Untracked 
|1391|0x00000000f6f00000, 0x00000000f7000000, 0x00000000f7000000|100%| O|Cm|TAMS 0x00000000f6f00000| PB 0x00000000f6f00000| Complete 
|1392|0x00000000f7000000, 0x00000000f7100000, 0x00000000f7100000|100%| O|Cm|TAMS 0x00000000f7000000| PB 0x00000000f7000000| Complete 
|1393|0x00000000f7100000, 0x00000000f7200000, 0x00000000f7200000|100%| O|Cm|TAMS 0x00000000f7100000| PB 0x00000000f7100000| Complete 
|1394|0x00000000f7200000, 0x00000000f7300000, 0x00000000f7300000|100%| O|Cm|TAMS 0x00000000f7200000| PB 0x00000000f7200000| Complete 
|1395|0x00000000f7300000, 0x00000000f7400000, 0x00000000f7400000|100%| O|Cm|TAMS 0x00000000f7300000| PB 0x00000000f7300000| Complete 
|1396|0x00000000f7400000, 0x00000000f7500000, 0x00000000f7500000|100%| O|Cm|TAMS 0x00000000f7400000| PB 0x00000000f7400000| Complete 
|1397|0x00000000f7500000, 0x00000000f7600000, 0x00000000f7600000|100%| O|Cm|TAMS 0x00000000f7500000| PB 0x00000000f7500000| Complete 
|1398|0x00000000f7600000, 0x00000000f7700000, 0x00000000f7700000|100%| O|Cm|TAMS 0x00000000f7600000| PB 0x00000000f7600000| Complete 
|1399|0x00000000f7700000, 0x00000000f7800000, 0x00000000f7800000|100%| O|Cm|TAMS 0x00000000f7700000| PB 0x00000000f7700000| Complete 
|1400|0x00000000f7800000, 0x00000000f7900000, 0x00000000f7900000|100%| O|Cm|TAMS 0x00000000f7800000| PB 0x00000000f7800000| Complete 
|1401|0x00000000f7900000, 0x00000000f7a00000, 0x00000000f7a00000|100%| O|Cm|TAMS 0x00000000f7900000| PB 0x00000000f7900000| Complete 
|1402|0x00000000f7a00000, 0x00000000f7b00000, 0x00000000f7b00000|100%| O|Cm|TAMS 0x00000000f7a00000| PB 0x00000000f7a00000| Complete 
|1403|0x00000000f7b00000, 0x00000000f7c00000, 0x00000000f7c00000|100%| O|Cm|TAMS 0x00000000f7b00000| PB 0x00000000f7b00000| Complete 
|1404|0x00000000f7c00000, 0x00000000f7d00000, 0x00000000f7d00000|100%| O|Cm|TAMS 0x00000000f7c00000| PB 0x00000000f7c00000| Complete 
|1405|0x00000000f7d00000, 0x00000000f7e00000, 0x00000000f7e00000|100%| O|Cm|TAMS 0x00000000f7d00000| PB 0x00000000f7d00000| Complete 
|1406|0x00000000f7e00000, 0x00000000f7f00000, 0x00000000f7f00000|100%| O|Cm|TAMS 0x00000000f7e00000| PB 0x00000000f7e00000| Complete 
|1407|0x00000000f7f00000, 0x00000000f7f00000, 0x00000000f8000000|  0%| F|  |TAMS 0x00000000f7f00000| PB 0x00000000f7f00000| Untracked 
|1408|0x00000000f8000000, 0x00000000f8100000, 0x00000000f8100000|100%| O|Cm|TAMS 0x00000000f8000000| PB 0x00000000f8000000| Complete 
|1409|0x00000000f8100000, 0x00000000f8200000, 0x00000000f8200000|100%| O|  |TAMS 0x00000000f8100000| PB 0x00000000f8100000| Untracked 
|1410|0x00000000f8200000, 0x00000000f8200000, 0x00000000f8300000|  0%| F|  |TAMS 0x00000000f8200000| PB 0x00000000f8200000| Untracked 
|1411|0x00000000f8300000, 0x00000000f8300000, 0x00000000f8400000|  0%| F|  |TAMS 0x00000000f8300000| PB 0x00000000f8300000| Untracked 
|1412|0x00000000f8400000, 0x00000000f8400000, 0x00000000f8500000|  0%| F|  |TAMS 0x00000000f8400000| PB 0x00000000f8400000| Untracked 
|1413|0x00000000f8500000, 0x00000000f8500000, 0x00000000f8600000|  0%| F|  |TAMS 0x00000000f8500000| PB 0x00000000f8500000| Untracked 
|1414|0x00000000f8600000, 0x00000000f8700000, 0x00000000f8700000|100%| O|  |TAMS 0x00000000f8600000| PB 0x00000000f8600000| Untracked 
|1415|0x00000000f8700000, 0x00000000f8700000, 0x00000000f8800000|  0%| F|  |TAMS 0x00000000f8700000| PB 0x00000000f8700000| Untracked 
|1416|0x00000000f8800000, 0x00000000f8900000, 0x00000000f8900000|100%| O|Cm|TAMS 0x00000000f8800000| PB 0x00000000f8800000| Complete 
|1417|0x00000000f8900000, 0x00000000f8a00000, 0x00000000f8a00000|100%| O|Cm|TAMS 0x00000000f8900000| PB 0x00000000f8900000| Complete 
|1418|0x00000000f8a00000, 0x00000000f8b00000, 0x00000000f8b00000|100%| O|  |TAMS 0x00000000f8a00000| PB 0x00000000f8a00000| Untracked 
|1419|0x00000000f8b00000, 0x00000000f8b00000, 0x00000000f8c00000|  0%| F|  |TAMS 0x00000000f8b00000| PB 0x00000000f8b00000| Untracked 
|1420|0x00000000f8c00000, 0x00000000f8c00000, 0x00000000f8d00000|  0%| F|  |TAMS 0x00000000f8c00000| PB 0x00000000f8c00000| Untracked 
|1421|0x00000000f8d00000, 0x00000000f8d00000, 0x00000000f8e00000|  0%| F|  |TAMS 0x00000000f8d00000| PB 0x00000000f8d00000| Untracked 
|1422|0x00000000f8e00000, 0x00000000f8e00000, 0x00000000f8f00000|  0%| F|  |TAMS 0x00000000f8e00000| PB 0x00000000f8e00000| Untracked 
|1423|0x00000000f8f00000, 0x00000000f8f00000, 0x00000000f9000000|  0%| F|  |TAMS 0x00000000f8f00000| PB 0x00000000f8f00000| Untracked 
|1424|0x00000000f9000000, 0x00000000f9000000, 0x00000000f9100000|  0%| F|  |TAMS 0x00000000f9000000| PB 0x00000000f9000000| Untracked 
|1425|0x00000000f9100000, 0x00000000f9100000, 0x00000000f9200000|  0%| F|  |TAMS 0x00000000f9100000| PB 0x00000000f9100000| Untracked 
|1426|0x00000000f9200000, 0x00000000f9200000, 0x00000000f9300000|  0%| F|  |TAMS 0x00000000f9200000| PB 0x00000000f9200000| Untracked 
|1427|0x00000000f9300000, 0x00000000f9300000, 0x00000000f9400000|  0%| F|  |TAMS 0x00000000f9300000| PB 0x00000000f9300000| Untracked 
|1428|0x00000000f9400000, 0x00000000f9400000, 0x00000000f9500000|  0%| F|  |TAMS 0x00000000f9400000| PB 0x00000000f9400000| Untracked 
|1429|0x00000000f9500000, 0x00000000f9500000, 0x00000000f9600000|  0%| F|  |TAMS 0x00000000f9500000| PB 0x00000000f9500000| Untracked 
|1430|0x00000000f9600000, 0x00000000f9600000, 0x00000000f9700000|  0%| F|  |TAMS 0x00000000f9600000| PB 0x00000000f9600000| Untracked 
|1431|0x00000000f9700000, 0x00000000f9700000, 0x00000000f9800000|  0%| F|  |TAMS 0x00000000f9700000| PB 0x00000000f9700000| Untracked 
|1432|0x00000000f9800000, 0x00000000f9800000, 0x00000000f9900000|  0%| F|  |TAMS 0x00000000f9800000| PB 0x00000000f9800000| Untracked 
|1433|0x00000000f9900000, 0x00000000f9900000, 0x00000000f9a00000|  0%| F|  |TAMS 0x00000000f9900000| PB 0x00000000f9900000| Untracked 
|1434|0x00000000f9a00000, 0x00000000f9a00000, 0x00000000f9b00000|  0%| F|  |TAMS 0x00000000f9a00000| PB 0x00000000f9a00000| Untracked 
|1435|0x00000000f9b00000, 0x00000000f9b00000, 0x00000000f9c00000|  0%| F|  |TAMS 0x00000000f9b00000| PB 0x00000000f9b00000| Untracked 
|1436|0x00000000f9c00000, 0x00000000f9c00000, 0x00000000f9d00000|  0%| F|  |TAMS 0x00000000f9c00000| PB 0x00000000f9c00000| Untracked 
|1437|0x00000000f9d00000, 0x00000000f9d00000, 0x00000000f9e00000|  0%| F|  |TAMS 0x00000000f9d00000| PB 0x00000000f9d00000| Untracked 
|1438|0x00000000f9e00000, 0x00000000f9e00000, 0x00000000f9f00000|  0%| F|  |TAMS 0x00000000f9e00000| PB 0x00000000f9e00000| Untracked 
|1439|0x00000000f9f00000, 0x00000000f9f00000, 0x00000000fa000000|  0%| F|  |TAMS 0x00000000f9f00000| PB 0x00000000f9f00000| Untracked 
|1440|0x00000000fa000000, 0x00000000fa000000, 0x00000000fa100000|  0%| F|  |TAMS 0x00000000fa000000| PB 0x00000000fa000000| Untracked 
|1441|0x00000000fa100000, 0x00000000fa100000, 0x00000000fa200000|  0%| F|  |TAMS 0x00000000fa100000| PB 0x00000000fa100000| Untracked 
|1442|0x00000000fa200000, 0x00000000fa200000, 0x00000000fa300000|  0%| F|  |TAMS 0x00000000fa200000| PB 0x00000000fa200000| Untracked 
|1443|0x00000000fa300000, 0x00000000fa300000, 0x00000000fa400000|  0%| F|  |TAMS 0x00000000fa300000| PB 0x00000000fa300000| Untracked 
|1444|0x00000000fa400000, 0x00000000fa400000, 0x00000000fa500000|  0%| F|  |TAMS 0x00000000fa400000| PB 0x00000000fa400000| Untracked 
|1445|0x00000000fa500000, 0x00000000fa500000, 0x00000000fa600000|  0%| F|  |TAMS 0x00000000fa500000| PB 0x00000000fa500000| Untracked 
|1446|0x00000000fa600000, 0x00000000fa600000, 0x00000000fa700000|  0%| F|  |TAMS 0x00000000fa600000| PB 0x00000000fa600000| Untracked 
|1447|0x00000000fa700000, 0x00000000fa700000, 0x00000000fa800000|  0%| F|  |TAMS 0x00000000fa700000| PB 0x00000000fa700000| Untracked 
|1448|0x00000000fa800000, 0x00000000fa800000, 0x00000000fa900000|  0%| F|  |TAMS 0x00000000fa800000| PB 0x00000000fa800000| Untracked 
|1449|0x00000000fa900000, 0x00000000fa900000, 0x00000000faa00000|  0%| F|  |TAMS 0x00000000fa900000| PB 0x00000000fa900000| Untracked 
|1450|0x00000000faa00000, 0x00000000faa00000, 0x00000000fab00000|  0%| F|  |TAMS 0x00000000faa00000| PB 0x00000000faa00000| Untracked 
|1451|0x00000000fab00000, 0x00000000fab00000, 0x00000000fac00000|  0%| F|  |TAMS 0x00000000fab00000| PB 0x00000000fab00000| Untracked 
|1452|0x00000000fac00000, 0x00000000fac00000, 0x00000000fad00000|  0%| F|  |TAMS 0x00000000fac00000| PB 0x00000000fac00000| Untracked 
|1453|0x00000000fad00000, 0x00000000fad00000, 0x00000000fae00000|  0%| F|  |TAMS 0x00000000fad00000| PB 0x00000000fad00000| Untracked 
|1454|0x00000000fae00000, 0x00000000fae00000, 0x00000000faf00000|  0%| F|  |TAMS 0x00000000fae00000| PB 0x00000000fae00000| Untracked 
|1455|0x00000000faf00000, 0x00000000faf00000, 0x00000000fb000000|  0%| F|  |TAMS 0x00000000faf00000| PB 0x00000000faf00000| Untracked 
|1456|0x00000000fb000000, 0x00000000fb000000, 0x00000000fb100000|  0%| F|  |TAMS 0x00000000fb000000| PB 0x00000000fb000000| Untracked 
|1457|0x00000000fb100000, 0x00000000fb100000, 0x00000000fb200000|  0%| F|  |TAMS 0x00000000fb100000| PB 0x00000000fb100000| Untracked 
|1458|0x00000000fb200000, 0x00000000fb200000, 0x00000000fb300000|  0%| F|  |TAMS 0x00000000fb200000| PB 0x00000000fb200000| Untracked 
|1459|0x00000000fb300000, 0x00000000fb300000, 0x00000000fb400000|  0%| F|  |TAMS 0x00000000fb300000| PB 0x00000000fb300000| Untracked 
|1460|0x00000000fb400000, 0x00000000fb400000, 0x00000000fb500000|  0%| F|  |TAMS 0x00000000fb400000| PB 0x00000000fb400000| Untracked 
|1461|0x00000000fb500000, 0x00000000fb500000, 0x00000000fb600000|  0%| F|  |TAMS 0x00000000fb500000| PB 0x00000000fb500000| Untracked 
|1462|0x00000000fb600000, 0x00000000fb600000, 0x00000000fb700000|  0%| F|  |TAMS 0x00000000fb600000| PB 0x00000000fb600000| Untracked 
|1463|0x00000000fb700000, 0x00000000fb700000, 0x00000000fb800000|  0%| F|  |TAMS 0x00000000fb700000| PB 0x00000000fb700000| Untracked 
|1464|0x00000000fb800000, 0x00000000fb800000, 0x00000000fb900000|  0%| F|  |TAMS 0x00000000fb800000| PB 0x00000000fb800000| Untracked 
|1465|0x00000000fb900000, 0x00000000fb900000, 0x00000000fba00000|  0%| F|  |TAMS 0x00000000fb900000| PB 0x00000000fb900000| Untracked 
|1466|0x00000000fba00000, 0x00000000fba00000, 0x00000000fbb00000|  0%| F|  |TAMS 0x00000000fba00000| PB 0x00000000fba00000| Untracked 
|1467|0x00000000fbb00000, 0x00000000fbb00000, 0x00000000fbc00000|  0%| F|  |TAMS 0x00000000fbb00000| PB 0x00000000fbb00000| Untracked 
|1468|0x00000000fbc00000, 0x00000000fbc00000, 0x00000000fbd00000|  0%| F|  |TAMS 0x00000000fbc00000| PB 0x00000000fbc00000| Untracked 
|1469|0x00000000fbd00000, 0x00000000fbd00000, 0x00000000fbe00000|  0%| F|  |TAMS 0x00000000fbd00000| PB 0x00000000fbd00000| Untracked 
|1470|0x00000000fbe00000, 0x00000000fbe00000, 0x00000000fbf00000|  0%| F|  |TAMS 0x00000000fbe00000| PB 0x00000000fbe00000| Untracked 
|1471|0x00000000fbf00000, 0x00000000fbf00000, 0x00000000fc000000|  0%| F|  |TAMS 0x00000000fbf00000| PB 0x00000000fbf00000| Untracked 
|1472|0x00000000fc000000, 0x00000000fc000000, 0x00000000fc100000|  0%| F|  |TAMS 0x00000000fc000000| PB 0x00000000fc000000| Untracked 
|1473|0x00000000fc100000, 0x00000000fc100000, 0x00000000fc200000|  0%| F|  |TAMS 0x00000000fc100000| PB 0x00000000fc100000| Untracked 
|1474|0x00000000fc200000, 0x00000000fc200000, 0x00000000fc300000|  0%| F|  |TAMS 0x00000000fc200000| PB 0x00000000fc200000| Untracked 
|1475|0x00000000fc300000, 0x00000000fc300000, 0x00000000fc400000|  0%| F|  |TAMS 0x00000000fc300000| PB 0x00000000fc300000| Untracked 
|1476|0x00000000fc400000, 0x00000000fc400000, 0x00000000fc500000|  0%| F|  |TAMS 0x00000000fc400000| PB 0x00000000fc400000| Untracked 
|1477|0x00000000fc500000, 0x00000000fc500000, 0x00000000fc600000|  0%| F|  |TAMS 0x00000000fc500000| PB 0x00000000fc500000| Untracked 
|1478|0x00000000fc600000, 0x00000000fc600000, 0x00000000fc700000|  0%| F|  |TAMS 0x00000000fc600000| PB 0x00000000fc600000| Untracked 
|1479|0x00000000fc700000, 0x00000000fc700000, 0x00000000fc800000|  0%| F|  |TAMS 0x00000000fc700000| PB 0x00000000fc700000| Untracked 
|1480|0x00000000fc800000, 0x00000000fc800000, 0x00000000fc900000|  0%| F|  |TAMS 0x00000000fc800000| PB 0x00000000fc800000| Untracked 
|1481|0x00000000fc900000, 0x00000000fc900000, 0x00000000fca00000|  0%| F|  |TAMS 0x00000000fc900000| PB 0x00000000fc900000| Untracked 
|1482|0x00000000fca00000, 0x00000000fca00000, 0x00000000fcb00000|  0%| F|  |TAMS 0x00000000fca00000| PB 0x00000000fca00000| Untracked 
|1483|0x00000000fcb00000, 0x00000000fcb00000, 0x00000000fcc00000|  0%| F|  |TAMS 0x00000000fcb00000| PB 0x00000000fcb00000| Untracked 
|1484|0x00000000fcc00000, 0x00000000fcc00000, 0x00000000fcd00000|  0%| F|  |TAMS 0x00000000fcc00000| PB 0x00000000fcc00000| Untracked 
|1485|0x00000000fcd00000, 0x00000000fcd00000, 0x00000000fce00000|  0%| F|  |TAMS 0x00000000fcd00000| PB 0x00000000fcd00000| Untracked 
|1486|0x00000000fce00000, 0x00000000fce00000, 0x00000000fcf00000|  0%| F|  |TAMS 0x00000000fce00000| PB 0x00000000fce00000| Untracked 
|1487|0x00000000fcf00000, 0x00000000fcf00000, 0x00000000fd000000|  0%| F|  |TAMS 0x00000000fcf00000| PB 0x00000000fcf00000| Untracked 
|1488|0x00000000fd000000, 0x00000000fd000000, 0x00000000fd100000|  0%| F|  |TAMS 0x00000000fd000000| PB 0x00000000fd000000| Untracked 
|1489|0x00000000fd100000, 0x00000000fd100000, 0x00000000fd200000|  0%| F|  |TAMS 0x00000000fd100000| PB 0x00000000fd100000| Untracked 
|1490|0x00000000fd200000, 0x00000000fd200000, 0x00000000fd300000|  0%| F|  |TAMS 0x00000000fd200000| PB 0x00000000fd200000| Untracked 
|1491|0x00000000fd300000, 0x00000000fd300000, 0x00000000fd400000|  0%| F|  |TAMS 0x00000000fd300000| PB 0x00000000fd300000| Untracked 
|1492|0x00000000fd400000, 0x00000000fd400000, 0x00000000fd500000|  0%| F|  |TAMS 0x00000000fd400000| PB 0x00000000fd400000| Untracked 
|1493|0x00000000fd500000, 0x00000000fd500000, 0x00000000fd600000|  0%| F|  |TAMS 0x00000000fd500000| PB 0x00000000fd500000| Untracked 
|1494|0x00000000fd600000, 0x00000000fd600000, 0x00000000fd700000|  0%| F|  |TAMS 0x00000000fd600000| PB 0x00000000fd600000| Untracked 
|1495|0x00000000fd700000, 0x00000000fd700000, 0x00000000fd800000|  0%| F|  |TAMS 0x00000000fd700000| PB 0x00000000fd700000| Untracked 
|1496|0x00000000fd800000, 0x00000000fd800000, 0x00000000fd900000|  0%| F|  |TAMS 0x00000000fd800000| PB 0x00000000fd800000| Untracked 
|1497|0x00000000fd900000, 0x00000000fd900000, 0x00000000fda00000|  0%| F|  |TAMS 0x00000000fd900000| PB 0x00000000fd900000| Untracked 
|1498|0x00000000fda00000, 0x00000000fda00000, 0x00000000fdb00000|  0%| F|  |TAMS 0x00000000fda00000| PB 0x00000000fda00000| Untracked 
|1499|0x00000000fdb00000, 0x00000000fdb00000, 0x00000000fdc00000|  0%| F|  |TAMS 0x00000000fdb00000| PB 0x00000000fdb00000| Untracked 
|1500|0x00000000fdc00000, 0x00000000fdc00000, 0x00000000fdd00000|  0%| F|  |TAMS 0x00000000fdc00000| PB 0x00000000fdc00000| Untracked 
|1501|0x00000000fdd00000, 0x00000000fdd00000, 0x00000000fde00000|  0%| F|  |TAMS 0x00000000fdd00000| PB 0x00000000fdd00000| Untracked 
|1502|0x00000000fde00000, 0x00000000fde00000, 0x00000000fdf00000|  0%| F|  |TAMS 0x00000000fde00000| PB 0x00000000fde00000| Untracked 
|1503|0x00000000fdf00000, 0x00000000fdf00000, 0x00000000fe000000|  0%| F|  |TAMS 0x00000000fdf00000| PB 0x00000000fdf00000| Untracked 
|1504|0x00000000fe000000, 0x00000000fe000000, 0x00000000fe100000|  0%| F|  |TAMS 0x00000000fe000000| PB 0x00000000fe000000| Untracked 
|1505|0x00000000fe100000, 0x00000000fe100000, 0x00000000fe200000|  0%| F|  |TAMS 0x00000000fe100000| PB 0x00000000fe100000| Untracked 
|1506|0x00000000fe200000, 0x00000000fe200000, 0x00000000fe300000|  0%| F|  |TAMS 0x00000000fe200000| PB 0x00000000fe200000| Untracked 
|1507|0x00000000fe300000, 0x00000000fe300000, 0x00000000fe400000|  0%| F|  |TAMS 0x00000000fe300000| PB 0x00000000fe300000| Untracked 
|1508|0x00000000fe400000, 0x00000000fe400000, 0x00000000fe500000|  0%| F|  |TAMS 0x00000000fe400000| PB 0x00000000fe400000| Untracked 
|1509|0x00000000fe500000, 0x00000000fe600000, 0x00000000fe600000|100%| O|  |TAMS 0x00000000fe500000| PB 0x00000000fe500000| Untracked 
|1510|0x00000000fe600000, 0x00000000fe700000, 0x00000000fe700000|100%| O|  |TAMS 0x00000000fe600000| PB 0x00000000fe600000| Untracked 
|1511|0x00000000fe700000, 0x00000000fe700000, 0x00000000fe800000|  0%| F|  |TAMS 0x00000000fe700000| PB 0x00000000fe700000| Untracked 
|1512|0x00000000fe800000, 0x00000000fe900000, 0x00000000fe900000|100%| E|  |TAMS 0x00000000fe800000| PB 0x00000000fe800000| Complete 
|1513|0x00000000fe900000, 0x00000000fea00000, 0x00000000fea00000|100%| E|CS|TAMS 0x00000000fe900000| PB 0x00000000fe900000| Complete 
|1514|0x00000000fea00000, 0x00000000feb00000, 0x00000000feb00000|100%| E|  |TAMS 0x00000000fea00000| PB 0x00000000fea00000| Complete 
|1515|0x00000000feb00000, 0x00000000fec00000, 0x00000000fec00000|100%| E|CS|TAMS 0x00000000feb00000| PB 0x00000000feb00000| Complete 
|1516|0x00000000fec00000, 0x00000000fed00000, 0x00000000fed00000|100%| E|CS|TAMS 0x00000000fec00000| PB 0x00000000fec00000| Complete 
|1517|0x00000000fed00000, 0x00000000fee00000, 0x00000000fee00000|100%| E|CS|TAMS 0x00000000fed00000| PB 0x00000000fed00000| Complete 
|1518|0x00000000fee00000, 0x00000000fef00000, 0x00000000fef00000|100%| E|CS|TAMS 0x00000000fee00000| PB 0x00000000fee00000| Complete 
|1519|0x00000000fef00000, 0x00000000ff000000, 0x00000000ff000000|100%| E|CS|TAMS 0x00000000fef00000| PB 0x00000000fef00000| Complete 
|1520|0x00000000ff000000, 0x00000000ff100000, 0x00000000ff100000|100%| E|CS|TAMS 0x00000000ff000000| PB 0x00000000ff000000| Complete 
|1521|0x00000000ff100000, 0x00000000ff200000, 0x00000000ff200000|100%| E|CS|TAMS 0x00000000ff100000| PB 0x00000000ff100000| Complete 
|1522|0x00000000ff200000, 0x00000000ff300000, 0x00000000ff300000|100%| E|CS|TAMS 0x00000000ff200000| PB 0x00000000ff200000| Complete 
|1523|0x00000000ff300000, 0x00000000ff400000, 0x00000000ff400000|100%| E|CS|TAMS 0x00000000ff300000| PB 0x00000000ff300000| Complete 
|1524|0x00000000ff400000, 0x00000000ff500000, 0x00000000ff500000|100%| E|CS|TAMS 0x00000000ff400000| PB 0x00000000ff400000| Complete 
|1525|0x00000000ff500000, 0x00000000ff600000, 0x00000000ff600000|100%| E|CS|TAMS 0x00000000ff500000| PB 0x00000000ff500000| Complete 
|1526|0x00000000ff600000, 0x00000000ff700000, 0x00000000ff700000|100%| E|CS|TAMS 0x00000000ff600000| PB 0x00000000ff600000| Complete 
|1527|0x00000000ff700000, 0x00000000ff800000, 0x00000000ff800000|100%| E|CS|TAMS 0x00000000ff700000| PB 0x00000000ff700000| Complete 
|1528|0x00000000ff800000, 0x00000000ff900000, 0x00000000ff900000|100%| E|CS|TAMS 0x00000000ff800000| PB 0x00000000ff800000| Complete 
|1529|0x00000000ff900000, 0x00000000ffa00000, 0x00000000ffa00000|100%| O|  |TAMS 0x00000000ff900000| PB 0x00000000ff900000| Untracked 
|1530|0x00000000ffa00000, 0x00000000ffb00000, 0x00000000ffb00000|100%| O|  |TAMS 0x00000000ffa00000| PB 0x00000000ffa00000| Untracked 
|1531|0x00000000ffb00000, 0x00000000ffc00000, 0x00000000ffc00000|100%| O|  |TAMS 0x00000000ffb00000| PB 0x00000000ffb00000| Untracked 
|1532|0x00000000ffc00000, 0x00000000ffd00000, 0x00000000ffd00000|100%| E|CS|TAMS 0x00000000ffc00000| PB 0x00000000ffc00000| Complete 
|1533|0x00000000ffd00000, 0x00000000ffe00000, 0x00000000ffe00000|100%| O|  |TAMS 0x00000000ffd00000| PB 0x00000000ffd00000| Untracked 
|1534|0x00000000ffe00000, 0x00000000fff00000, 0x00000000fff00000|100%| O|  |TAMS 0x00000000ffe00000| PB 0x00000000ffe00000| Untracked 
|1535|0x00000000fff00000, 0x0000000100000000, 0x0000000100000000|100%| O|  |TAMS 0x00000000fff00000| PB 0x00000000fff00000| Untracked 

Card table byte_map: [0x0000017ff6e30000,0x0000017ff7130000] _byte_map_base: 0x0000017ff6930000

Marking Bits: (CMBitMap*) 0x0000017ff89480a0
 Bits: [0x0000017ff7130000, 0x0000017ff8930000)

Polling page: 0x0000017ff1700000

Metaspace:

Usage:
  Non-class:    150.22 MB used.
      Class:     22.84 MB used.
       Both:    173.06 MB used.

Virtual space:
  Non-class space:      192.00 MB reserved,     151.62 MB ( 79%) committed,  3 nodes.
      Class space:        1.00 GB reserved,      24.00 MB (  2%) committed,  1 nodes.
             Both:        1.19 GB reserved,     175.62 MB ( 14%) committed. 

Chunk freelists:
   Non-Class:  9.03 MB
       Class:  8.37 MB
        Both:  17.40 MB

MaxMetaspaceSize: unlimited
CompressedClassSpaceSize: 1.00 GB
Initial GC threshold: 21.00 MB
Current GC threshold: 292.75 MB
CDS: off
 - commit_granule_bytes: 65536.
 - commit_granule_words: 8192.
 - virtual_space_node_default_size: 8388608.
 - enlarge_chunks_in_place: 1.
 - use_allocation_guard: 0.


Internal statistics:

num_allocs_failed_limit: 9.
num_arena_births: 8880.
num_arena_deaths: 6560.
num_vsnodes_births: 4.
num_vsnodes_deaths: 0.
num_space_committed: 2819.
num_space_uncommitted: 12.
num_chunks_returned_to_freelist: 8444.
num_chunks_taken_from_freelist: 18846.
num_chunk_merges: 2748.
num_chunk_splits: 10336.
num_chunks_enlarged: 6132.
num_inconsistent_stats: 0.

CodeHeap 'non-profiled nmethods': size=120000Kb used=26441Kb max_used=29074Kb free=93558Kb
 bounds [0x0000017f87ad0000, 0x0000017f89750000, 0x0000017f8f000000]
CodeHeap 'profiled nmethods': size=120000Kb used=36062Kb max_used=50315Kb free=83937Kb
 bounds [0x0000017f80000000, 0x0000017f83170000, 0x0000017f87530000]
CodeHeap 'non-nmethods': size=5760Kb used=2311Kb max_used=2453Kb free=3448Kb
 bounds [0x0000017f87530000, 0x0000017f877b0000, 0x0000017f87ad0000]
CodeCache: size=245760Kb, used=64814Kb, max_used=81842Kb, free=180943Kb
 total_blobs=19683, nmethods=18527, adapters=1056, full_count=0
Compilation: enabled, stopped_count=0, restarted_count=0

Compilation events (20 events):
Event: 13784.766 Thread 0x0000017ffb53c7e0 48663   !   3       com.sun.crypto.provider.PKCS12PBECipherCore::derive (381 bytes)
Event: 13784.772 Thread 0x0000017ffb53c7e0 nmethod 48663 0x0000017f8205fe90 code [0x0000017f82060320, 0x0000017f82063090]
Event: 13784.778 Thread 0x0000017ffb53c7e0 48664       2       sun.security.util.DerValue::isPrintableStringChar (184 bytes)
Event: 13784.779 Thread 0x0000017ffb53c7e0 nmethod 48664 0x0000017f80c34710 code [0x0000017f80c348c0, 0x0000017f80c34a88]
Event: 13784.779 Thread 0x0000017ffb53c7e0 48665       2       sun.security.util.ObjectIdentifier::toString (285 bytes)
Event: 13784.781 Thread 0x0000017ffb53c7e0 nmethod 48665 0x0000017f80360d10 code [0x0000017f80360fe0, 0x0000017f80361920]
Event: 13784.915 Thread 0x0000017f9a486080 nmethod 48285 0x0000017f88c42890 code [0x0000017f88c43680, 0x0000017f88c4b558]
Event: 13784.916 Thread 0x0000017f9a486080 48186 %     4       java.util.IdentityHashMap$EntrySpliterator::forEachRemaining @ 59 (134 bytes)
Event: 13784.933 Thread 0x0000017f9a486080 nmethod 48186% 0x0000017f87e8c010 code [0x0000017f87e8c1e0, 0x0000017f87e8c6d8]
Event: 13784.934 Thread 0x0000017f9a486080 48226       4       com.android.tools.r8.internal.fp::<init> (266 bytes)
Event: 13785.225 Thread 0x0000017ffb53c7e0 48666       3       com.android.builder.internal.packaging.PackagedFileUpdate::<init> (20 bytes)
Event: 13785.225 Thread 0x0000017ffb53c7e0 nmethod 48666 0x0000017f80196310 code [0x0000017f801964c0, 0x0000017f80196740]
Event: 13785.226 Thread 0x0000017ffb53c7e0 48667       2       com.google.common.collect.RegularImmutableList::spliterator (11 bytes)
Event: 13785.226 Thread 0x0000017ffb53c7e0 nmethod 48667 0x0000017f802dd610 code [0x0000017f802dd7e0, 0x0000017f802dda40]
Event: 13785.226 Thread 0x0000017ffb53c7e0 48668       3       com.android.builder.internal.packaging.IncrementalPackager$$Lambda/0x000000010171d758::test (8 bytes)
Event: 13785.227 Thread 0x0000017ffb53c7e0 nmethod 48668 0x0000017f801cb010 code [0x0000017f801cb1c0, 0x0000017f801cb4d8]
Event: 13785.289 Thread 0x0000017ffb53c7e0 48669       3       com.android.builder.internal.packaging.IncrementalPackager$$Lambda/0x0000000101727480::apply (12 bytes)
Event: 13785.290 Thread 0x0000017ffb53c7e0 nmethod 48669 0x0000017f80ac7690 code [0x0000017f80ac7860, 0x0000017f80ac7bd8]
Event: 13785.421 Thread 0x0000017ffb53c7e0 48670       2       java.util.Objects::isNull (10 bytes)
Event: 13785.421 Thread 0x0000017ffb53c7e0 nmethod 48670 0x0000017f80763c90 code [0x0000017f80763e20, 0x0000017f80763f18]

GC Heap History (20 events):
Event: 11632.159 GC heap before
{Heap before GC invocations=114 (full 0):
 garbage-first heap   total 478208K, used 420864K [0x00000000a0000000, 0x0000000100000000)
  region size 1024K, 208 young (212992K), 14 survivors (14336K)
 Metaspace       used 174530K, committed 177024K, reserved 1245184K
  class space    used 23096K, committed 24256K, reserved 1048576K
}
Event: 11632.191 GC heap after
{Heap after GC invocations=115 (full 0):
 garbage-first heap   total 478208K, used 232277K [0x00000000a0000000, 0x0000000100000000)
  region size 1024K, 14 young (14336K), 14 survivors (14336K)
 Metaspace       used 174530K, committed 177024K, reserved 1245184K
  class space    used 23096K, committed 24256K, reserved 1048576K
}
Event: 11633.039 GC heap before
{Heap before GC invocations=115 (full 0):
 garbage-first heap   total 478208K, used 422741K [0x00000000a0000000, 0x0000000100000000)
  region size 1024K, 201 young (205824K), 14 survivors (14336K)
 Metaspace       used 174573K, committed 177024K, reserved 1245184K
  class space    used 23096K, committed 24256K, reserved 1048576K
}
Event: 11633.062 GC heap after
{Heap after GC invocations=116 (full 0):
 garbage-first heap   total 478208K, used 240640K [0x00000000a0000000, 0x0000000100000000)
  region size 1024K, 22 young (22528K), 22 survivors (22528K)
 Metaspace       used 174573K, committed 177024K, reserved 1245184K
  class space    used 23096K, committed 24256K, reserved 1048576K
}
Event: 11636.876 GC heap before
{Heap before GC invocations=117 (full 0):
 garbage-first heap   total 478208K, used 441344K [0x00000000a0000000, 0x0000000100000000)
  region size 1024K, 206 young (210944K), 22 survivors (22528K)
 Metaspace       used 174656K, committed 177024K, reserved 1245184K
  class space    used 23100K, committed 24256K, reserved 1048576K
}
Event: 11636.890 GC heap after
{Heap after GC invocations=118 (full 0):
 garbage-first heap   total 478208K, used 209400K [0x00000000a0000000, 0x0000000100000000)
  region size 1024K, 9 young (9216K), 9 survivors (9216K)
 Metaspace       used 174656K, committed 177024K, reserved 1245184K
  class space    used 23100K, committed 24256K, reserved 1048576K
}
Event: 13763.325 GC heap before
{Heap before GC invocations=118 (full 0):
 garbage-first heap   total 478208K, used 444920K [0x00000000a0000000, 0x0000000100000000)
  region size 1024K, 228 young (233472K), 9 survivors (9216K)
 Metaspace       used 176234K, committed 177984K, reserved 1245184K
  class space    used 23418K, committed 24256K, reserved 1048576K
}
Event: 13763.366 GC heap after
{Heap after GC invocations=119 (full 0):
 garbage-first heap   total 478208K, used 236252K [0x00000000a0000000, 0x0000000100000000)
  region size 1024K, 29 young (29696K), 29 survivors (29696K)
 Metaspace       used 176234K, committed 177984K, reserved 1245184K
  class space    used 23418K, committed 24256K, reserved 1048576K
}
Event: 13766.076 GC heap before
{Heap before GC invocations=119 (full 0):
 garbage-first heap   total 478208K, used 455388K [0x00000000a0000000, 0x0000000100000000)
  region size 1024K, 218 young (223232K), 29 survivors (29696K)
 Metaspace       used 177661K, committed 179456K, reserved 1245184K
  class space    used 23601K, committed 24512K, reserved 1048576K
}
Event: 13766.278 GC heap after
{Heap after GC invocations=120 (full 0):
 garbage-first heap   total 547840K, used 265216K [0x00000000a0000000, 0x0000000100000000)
  region size 1024K, 28 young (28672K), 28 survivors (28672K)
 Metaspace       used 177661K, committed 179456K, reserved 1245184K
  class space    used 23601K, committed 24512K, reserved 1048576K
}
Event: 13767.519 GC heap before
{Heap before GC invocations=120 (full 0):
 garbage-first heap   total 547840K, used 315392K [0x00000000a0000000, 0x0000000100000000)
  region size 1024K, 79 young (80896K), 28 survivors (28672K)
 Metaspace       used 177909K, committed 179712K, reserved 1245184K
  class space    used 23630K, committed 24512K, reserved 1048576K
}
Event: 13767.600 GC heap after
{Heap after GC invocations=121 (full 0):
 garbage-first heap   total 547840K, used 274176K [0x00000000a0000000, 0x0000000100000000)
  region size 1024K, 8 young (8192K), 8 survivors (8192K)
 Metaspace       used 177909K, committed 179712K, reserved 1245184K
  class space    used 23630K, committed 24512K, reserved 1048576K
}
Event: 13777.618 GC heap before
{Heap before GC invocations=122 (full 0):
 garbage-first heap   total 547840K, used 498432K [0x00000000a0000000, 0x0000000100000000)
  region size 1024K, 193 young (197632K), 8 survivors (8192K)
 Metaspace       used 176826K, committed 179840K, reserved 1245184K
  class space    used 23329K, committed 24576K, reserved 1048576K
}
Event: 13777.648 GC heap after
{Heap after GC invocations=123 (full 0):
 garbage-first heap   total 547840K, used 272874K [0x00000000a0000000, 0x0000000100000000)
  region size 1024K, 6 young (6144K), 6 survivors (6144K)
 Metaspace       used 176826K, committed 179840K, reserved 1245184K
  class space    used 23329K, committed 24576K, reserved 1048576K
}
Event: 13779.632 GC heap before
{Heap before GC invocations=123 (full 0):
 garbage-first heap   total 547840K, used 476650K [0x00000000a0000000, 0x0000000100000000)
  region size 1024K, 206 young (210944K), 6 survivors (6144K)
 Metaspace       used 176968K, committed 179840K, reserved 1245184K
  class space    used 23359K, committed 24576K, reserved 1048576K
}
Event: 13779.689 GC heap after
{Heap after GC invocations=124 (full 0):
 garbage-first heap   total 547840K, used 245448K [0x00000000a0000000, 0x0000000100000000)
  region size 1024K, 19 young (19456K), 19 survivors (19456K)
 Metaspace       used 176968K, committed 179840K, reserved 1245184K
  class space    used 23359K, committed 24576K, reserved 1048576K
}
Event: 13780.605 GC heap before
{Heap before GC invocations=124 (full 0):
 garbage-first heap   total 547840K, used 478920K [0x00000000a0000000, 0x0000000100000000)
  region size 1024K, 248 young (253952K), 19 survivors (19456K)
 Metaspace       used 176986K, committed 179840K, reserved 1245184K
  class space    used 23359K, committed 24576K, reserved 1048576K
}
Event: 13780.645 GC heap after
{Heap after GC invocations=125 (full 0):
 garbage-first heap   total 547840K, used 247527K [0x00000000a0000000, 0x0000000100000000)
  region size 1024K, 18 young (18432K), 18 survivors (18432K)
 Metaspace       used 176986K, committed 179840K, reserved 1245184K
  class space    used 23359K, committed 24576K, reserved 1048576K
}
Event: 13784.089 GC heap before
{Heap before GC invocations=126 (full 0):
 garbage-first heap   total 547840K, used 476903K [0x00000000a0000000, 0x0000000100000000)
  region size 1024K, 256 young (262144K), 18 survivors (18432K)
 Metaspace       used 177061K, committed 179840K, reserved 1245184K
  class space    used 23361K, committed 24576K, reserved 1048576K
}
Event: 13784.102 GC heap after
{Heap after GC invocations=127 (full 0):
 garbage-first heap   total 547840K, used 224983K [0x00000000a0000000, 0x0000000100000000)
  region size 1024K, 6 young (6144K), 6 survivors (6144K)
 Metaspace       used 177061K, committed 179840K, reserved 1245184K
  class space    used 23361K, committed 24576K, reserved 1048576K
}

Dll operation events (3 events):
Event: 0.024 Loaded shared library D:\Downloads\android-studio\jbr\bin\java.dll
Event: 0.036 Loaded shared library D:\Downloads\android-studio\jbr\bin\zip.dll
Event: 0.937 Loaded shared library D:\Downloads\android-studio\jbr\bin\verify.dll

Deoptimization events (20 events):
Event: 13784.296 Thread 0x0000017f9bf9fb00 Uncommon trap: trap_request=0xffffff45 fr.pc=0x0000017f87e78acc relative=0x0000000000001d6c
Event: 13784.296 Thread 0x0000017f9bf9fb00 Uncommon trap: reason=unstable_if action=reinterpret pc=0x0000017f87e78acc method=org.gradle.internal.snapshot.RelativePathTracker.toRelativePath()Ljava/lang/String; @ 9 c2
Event: 13784.296 Thread 0x0000017f9bf9fb00 DEOPT PACKING pc=0x0000017f87e78acc sp=0x00000002c5bfb7b0
Event: 13784.296 Thread 0x0000017f9bf9fb00 DEOPT UNPACKING pc=0x0000017f875843a2 sp=0x00000002c5bfb7f8 mode 2
Event: 13784.342 Thread 0x0000017f9bf9fb00 Uncommon trap: trap_request=0xffffffc6 fr.pc=0x0000017f89079a60 relative=0x0000000000000ca0
Event: 13784.342 Thread 0x0000017f9bf9fb00 Uncommon trap: reason=bimorphic_or_optimized_type_check action=maybe_recompile pc=0x0000017f89079a60 method=org.gradle.internal.snapshot.AbstractIncompleteFileSystemNode$1.handleAsDescendantOfChild(Lorg/gradle/internal/snapshot/VfsRelativePath;Lorg/gradle
Event: 13784.342 Thread 0x0000017f9bf9fb00 DEOPT PACKING pc=0x0000017f89079a60 sp=0x00000002c5bf9660
Event: 13784.342 Thread 0x0000017f9bf9fb00 DEOPT UNPACKING pc=0x0000017f875843a2 sp=0x00000002c5bf9538 mode 2
Event: 13784.475 Thread 0x0000017f9bf9fb00 Uncommon trap: trap_request=0xffffffde fr.pc=0x0000017f884e1de8 relative=0x0000000000000388
Event: 13784.475 Thread 0x0000017f9bf9fb00 Uncommon trap: reason=class_check action=maybe_recompile pc=0x0000017f884e1de8 method=java.util.Collections.reverse(Ljava/util/List;)V @ 1 c2
Event: 13784.475 Thread 0x0000017f9bf9fb00 DEOPT PACKING pc=0x0000017f884e1de8 sp=0x00000002c5bfa530
Event: 13784.475 Thread 0x0000017f9bf9fb00 DEOPT UNPACKING pc=0x0000017f875843a2 sp=0x00000002c5bfa508 mode 2
Event: 13785.194 Thread 0x0000017fa66d7470 Uncommon trap: trap_request=0xffffff66 fr.pc=0x0000017f88d1d9e0 relative=0x0000000000000ac0
Event: 13785.194 Thread 0x0000017fa66d7470 Uncommon trap: reason=speculate_class_check action=maybe_recompile pc=0x0000017f88d1d9e0 method=com.google.common.collect.ImmutableMap.copyOf(Ljava/lang/Iterable;)Lcom/google/common/collect/ImmutableMap; @ 55 c2
Event: 13785.194 Thread 0x0000017fa66d7470 DEOPT PACKING pc=0x0000017f88d1d9e0 sp=0x00000002c52fded0
Event: 13785.194 Thread 0x0000017fa66d7470 DEOPT UNPACKING pc=0x0000017f875843a2 sp=0x00000002c52fdec8 mode 2
Event: 13785.446 Thread 0x0000017f9363b200 Uncommon trap: trap_request=0xffffff45 fr.pc=0x0000017f8931749c relative=0x000000000000241c
Event: 13785.446 Thread 0x0000017f9363b200 Uncommon trap: reason=unstable_if action=reinterpret pc=0x0000017f8931749c method=java.util.concurrent.ForkJoinTask.doExec()V @ 24 c2
Event: 13785.446 Thread 0x0000017f9363b200 DEOPT PACKING pc=0x0000017f8931749c sp=0x00000002c7dfef30
Event: 13785.446 Thread 0x0000017f9363b200 DEOPT UNPACKING pc=0x0000017f875843a2 sp=0x00000002c7dfee48 mode 2

Classes loaded (20 events):
Event: 8448.594 Loading class java/util/Collections$UnmodifiableSortedMap
Event: 8448.594 Loading class java/util/Collections$UnmodifiableSortedMap done
Event: 13764.593 Loading class java/util/TreeMap$DescendingSubMap
Event: 13764.593 Loading class java/util/TreeMap$NavigableSubMap
Event: 13764.595 Loading class java/util/TreeMap$NavigableSubMap done
Event: 13764.595 Loading class java/util/TreeMap$DescendingSubMap done
Event: 13764.595 Loading class java/util/Collections$ReverseComparator
Event: 13764.596 Loading class java/util/Collections$ReverseComparator done
Event: 13764.596 Loading class java/util/TreeMap$DescendingSubMap$DescendingEntrySetView
Event: 13764.596 Loading class java/util/TreeMap$NavigableSubMap$EntrySetView
Event: 13764.596 Loading class java/util/TreeMap$NavigableSubMap$EntrySetView done
Event: 13764.596 Loading class java/util/TreeMap$DescendingSubMap$DescendingEntrySetView done
Event: 13764.596 Loading class java/util/TreeMap$NavigableSubMap$DescendingSubMapEntryIterator
Event: 13764.596 Loading class java/util/TreeMap$NavigableSubMap$SubMapIterator
Event: 13764.597 Loading class java/util/TreeMap$NavigableSubMap$SubMapIterator done
Event: 13764.597 Loading class java/util/TreeMap$NavigableSubMap$DescendingSubMapEntryIterator done
Event: 13767.861 Loading class java/nio/channels/Channels$WritableByteChannelImpl
Event: 13767.862 Loading class java/nio/channels/Channels$WritableByteChannelImpl done
Event: 13767.864 Loading class java/nio/StringCharBuffer
Event: 13767.865 Loading class java/nio/StringCharBuffer done

Classes unloaded (20 events):
Event: 13768.159 Thread 0x0000017ffb4c86e0 Unloading class 0x0000000100352000 'jdk/internal/reflect/GeneratedSerializationConstructorAccessor206'
Event: 13768.159 Thread 0x0000017ffb4c86e0 Unloading class 0x0000000100351400 'jdk/internal/reflect/GeneratedSerializationConstructorAccessor205'
Event: 13768.159 Thread 0x0000017ffb4c86e0 Unloading class 0x0000000100348c00 'jdk/internal/reflect/GeneratedSerializationConstructorAccessor204'
Event: 13768.159 Thread 0x0000017ffb4c86e0 Unloading class 0x0000000100348000 'jdk/internal/reflect/GeneratedSerializationConstructorAccessor203'
Event: 13768.159 Thread 0x0000017ffb4c86e0 Unloading class 0x0000000100341800 'jdk/internal/reflect/GeneratedSerializationConstructorAccessor202'
Event: 13768.159 Thread 0x0000017ffb4c86e0 Unloading class 0x0000000100340400 'jdk/internal/reflect/GeneratedSerializationConstructorAccessor201'
Event: 13768.159 Thread 0x0000017ffb4c86e0 Unloading class 0x0000000100338400 'jdk/internal/reflect/GeneratedSerializationConstructorAccessor200'
Event: 13768.159 Thread 0x0000017ffb4c86e0 Unloading class 0x0000000100310800 'jdk/internal/reflect/GeneratedSerializationConstructorAccessor199'
Event: 13768.159 Thread 0x0000017ffb4c86e0 Unloading class 0x0000000100310400 'jdk/internal/reflect/GeneratedSerializationConstructorAccessor198'
Event: 13768.159 Thread 0x0000017ffb4c86e0 Unloading class 0x00000001002d2400 'jdk/internal/reflect/GeneratedSerializationConstructorAccessor197'
Event: 13768.159 Thread 0x0000017ffb4c86e0 Unloading class 0x00000001002ae800 'jdk/internal/reflect/GeneratedSerializationConstructorAccessor196'
Event: 13768.159 Thread 0x0000017ffb4c86e0 Unloading class 0x00000001002ae000 'jdk/internal/reflect/GeneratedSerializationConstructorAccessor195'
Event: 13768.159 Thread 0x0000017ffb4c86e0 Unloading class 0x00000001002ad400 'jdk/internal/reflect/GeneratedSerializationConstructorAccessor194'
Event: 13768.159 Thread 0x0000017ffb4c86e0 Unloading class 0x00000001002ac800 'jdk/internal/reflect/GeneratedSerializationConstructorAccessor193'
Event: 13768.159 Thread 0x0000017ffb4c86e0 Unloading class 0x00000001002ac400 'jdk/internal/reflect/GeneratedSerializationConstructorAccessor192'
Event: 13768.159 Thread 0x0000017ffb4c86e0 Unloading class 0x00000001002a1800 'jdk/internal/reflect/GeneratedSerializationConstructorAccessor191'
Event: 13768.159 Thread 0x0000017ffb4c86e0 Unloading class 0x00000001002a0800 'jdk/internal/reflect/GeneratedSerializationConstructorAccessor190'
Event: 13768.159 Thread 0x0000017ffb4c86e0 Unloading class 0x0000000100235400 'jdk/internal/reflect/GeneratedSerializationConstructorAccessor189'
Event: 13768.159 Thread 0x0000017ffb4c86e0 Unloading class 0x0000000100234400 'jdk/internal/reflect/GeneratedSerializationConstructorAccessor188'
Event: 13768.159 Thread 0x0000017ffb4c86e0 Unloading class 0x0000000100228000 'jdk/internal/reflect/GeneratedSerializationConstructorAccessor187'

Classes redefined (0 events):
No events

Internal exceptions (20 events):
Event: 13784.481 Thread 0x0000017f9bf9fb00 Exception <a 'sun/nio/fs/WindowsException'{0x00000000ff236858}> (0x00000000ff236858) 
thrown [s\src\hotspot\share\prims\jni.cpp, line 537]
Event: 13784.481 Thread 0x0000017f9bf9fb00 Exception <a 'sun/nio/fs/WindowsException'{0x00000000ff236990}> (0x00000000ff236990) 
thrown [s\src\hotspot\share\prims\jni.cpp, line 537]
Event: 13784.499 Thread 0x0000017f9bf9fb00 Exception <a 'sun/nio/fs/WindowsException'{0x00000000ff25e660}> (0x00000000ff25e660) 
thrown [s\src\hotspot\share\prims\jni.cpp, line 537]
Event: 13784.502 Thread 0x0000017f9bf9fb00 Exception <a 'sun/nio/fs/WindowsException'{0x00000000ff27ef68}> (0x00000000ff27ef68) 
thrown [s\src\hotspot\share\prims\jni.cpp, line 537]
Event: 13784.504 Thread 0x0000017f9bf9fb00 Exception <a 'sun/nio/fs/WindowsException'{0x00000000ff290a78}> (0x00000000ff290a78) 
thrown [s\src\hotspot\share\prims\jni.cpp, line 537]
Event: 13784.508 Thread 0x0000017fa66d7470 Exception <a 'sun/nio/fs/WindowsException'{0x00000000ff2ae3c8}> (0x00000000ff2ae3c8) 
thrown [s\src\hotspot\share\prims\jni.cpp, line 537]
Event: 13784.508 Thread 0x0000017fa66d7470 Exception <a 'sun/nio/fs/WindowsException'{0x00000000ff2aecd0}> (0x00000000ff2aecd0) 
thrown [s\src\hotspot\share\prims\jni.cpp, line 537]
Event: 13784.508 Thread 0x0000017fa66d7470 Exception <a 'sun/nio/fs/WindowsException'{0x00000000ff2af5d0}> (0x00000000ff2af5d0) 
thrown [s\src\hotspot\share\prims\jni.cpp, line 537]
Event: 13784.510 Thread 0x0000017fa66d7470 Exception <a 'sun/nio/fs/WindowsException'{0x00000000ff2b1b60}> (0x00000000ff2b1b60) 
thrown [s\src\hotspot\share\prims\jni.cpp, line 537]
Event: 13784.512 Thread 0x0000017fa66d7470 Exception <a 'sun/nio/fs/WindowsException'{0x00000000ff2b3d08}> (0x00000000ff2b3d08) 
thrown [s\src\hotspot\share\prims\jni.cpp, line 537]
Event: 13784.514 Thread 0x0000017fa66d7470 Exception <a 'sun/nio/fs/WindowsException'{0x00000000ff2b6488}> (0x00000000ff2b6488) 
thrown [s\src\hotspot\share\prims\jni.cpp, line 537]
Event: 13784.516 Thread 0x0000017fa66d7470 Exception <a 'sun/nio/fs/WindowsException'{0x00000000ff2b8b38}> (0x00000000ff2b8b38) 
thrown [s\src\hotspot\share\prims\jni.cpp, line 537]
Event: 13784.521 Thread 0x0000017fa66d7470 Exception <a 'sun/nio/fs/WindowsException'{0x00000000ff2d6cb0}> (0x00000000ff2d6cb0) 
thrown [s\src\hotspot\share\prims\jni.cpp, line 537]
Event: 13784.829 Thread 0x0000017fa66d7470 Exception <a 'sun/nio/fs/WindowsException'{0x00000000fef76838}> (0x00000000fef76838) 
thrown [s\src\hotspot\share\prims\jni.cpp, line 537]
Event: 13785.187 Thread 0x0000017fa66d7470 Exception <a 'sun/nio/fs/WindowsException'{0x00000000fef7bf68}> (0x00000000fef7bf68) 
thrown [s\src\hotspot\share\prims\jni.cpp, line 537]
Event: 13785.195 Thread 0x0000017fa66d7470 Exception <a 'sun/nio/fs/WindowsException'{0x00000000fef87248}> (0x00000000fef87248) 
thrown [s\src\hotspot\share\prims\jni.cpp, line 537]
Event: 13785.196 Thread 0x0000017fa66d7470 Exception <a 'sun/nio/fs/WindowsException'{0x00000000fef87af8}> (0x00000000fef87af8) 
thrown [s\src\hotspot\share\prims\jni.cpp, line 537]
Event: 13785.221 Thread 0x0000017fa66d7470 Exception <a 'sun/nio/fs/WindowsException'{0x00000000fef891b8}> (0x00000000fef891b8) 
thrown [s\src\hotspot\share\prims\jni.cpp, line 537]
Event: 13785.226 Thread 0x0000017fa66d7470 Exception <a 'sun/nio/fs/WindowsException'{0x00000000fefaf058}> (0x00000000fefaf058) 
thrown [s\src\hotspot\share\prims\jni.cpp, line 537]
Event: 13785.418 Thread 0x0000017fa66d7470 Exception <a 'sun/nio/fs/WindowsException'{0x00000000fec6a080}> (0x00000000fec6a080) 
thrown [s\src\hotspot\share\prims\jni.cpp, line 537]

ZGC Phase Switch (0 events):
No events

VM Operations (20 events):
Event: 13778.661 Executing safepoint VM operation: Cleanup
Event: 13778.661 Executing safepoint VM operation: Cleanup done
Event: 13779.611 Executing safepoint VM operation: G1CollectForAllocation (G1 Evacuation Pause)
Event: 13779.689 Executing safepoint VM operation: G1CollectForAllocation (G1 Evacuation Pause) done
Event: 13780.604 Executing safepoint VM operation: G1CollectForAllocation (G1 Evacuation Pause)
Event: 13780.645 Executing safepoint VM operation: G1CollectForAllocation (G1 Evacuation Pause) done
Event: 13781.121 Executing safepoint VM operation: G1PauseRemark
Event: 13781.149 Executing safepoint VM operation: G1PauseRemark done
Event: 13781.518 Executing safepoint VM operation: G1PauseCleanup
Event: 13781.519 Executing safepoint VM operation: G1PauseCleanup done
Event: 13782.524 Executing safepoint VM operation: Cleanup
Event: 13782.524 Executing safepoint VM operation: Cleanup done
Event: 13783.537 Executing safepoint VM operation: Cleanup
Event: 13783.537 Executing safepoint VM operation: Cleanup done
Event: 13784.088 Executing safepoint VM operation: G1CollectForAllocation (G1 Evacuation Pause)
Event: 13784.102 Executing safepoint VM operation: G1CollectForAllocation (G1 Evacuation Pause) done
Event: 13784.330 Executing non-safepoint VM operation: HandshakeAllThreads (Deoptimize)
Event: 13784.330 Executing non-safepoint VM operation: HandshakeAllThreads (Deoptimize) done
Event: 13785.333 Executing safepoint VM operation: Cleanup
Event: 13785.348 Executing safepoint VM operation: Cleanup done

Memory protections (0 events):
No events

Nmethod flushes (20 events):
Event: 13781.146 Thread 0x0000017ffb4c86e0 flushing  nmethod 0x0000017f82fbec10
Event: 13781.146 Thread 0x0000017ffb4c86e0 flushing  nmethod 0x0000017f82fc0a90
Event: 13781.146 Thread 0x0000017ffb4c86e0 flushing  nmethod 0x0000017f82fc2810
Event: 13781.146 Thread 0x0000017ffb4c86e0 flushing  nmethod 0x0000017f82fc3410
Event: 13781.146 Thread 0x0000017ffb4c86e0 flushing  nmethod 0x0000017f82fc3a10
Event: 13781.146 Thread 0x0000017ffb4c86e0 flushing  nmethod 0x0000017f82fc3f90
Event: 13781.146 Thread 0x0000017ffb4c86e0 flushing  nmethod 0x0000017f830e4f90
Event: 13781.146 Thread 0x0000017ffb4c86e0 flushing  nmethod 0x0000017f830ef190
Event: 13781.146 Thread 0x0000017ffb4c86e0 flushing  nmethod 0x0000017f830f2310
Event: 13781.146 Thread 0x0000017ffb4c86e0 flushing  nmethod 0x0000017f82b6d810
Event: 13781.146 Thread 0x0000017ffb4c86e0 flushing  nmethod 0x0000017f82b6eb90
Event: 13781.146 Thread 0x0000017ffb4c86e0 flushing  nmethod 0x0000017f82bdec10
Event: 13781.146 Thread 0x0000017ffb4c86e0 flushing  nmethod 0x0000017f82be7190
Event: 13781.146 Thread 0x0000017ffb4c86e0 flushing  nmethod 0x0000017f82cac090
Event: 13781.146 Thread 0x0000017ffb4c86e0 flushing  nmethod 0x0000017f82cad610
Event: 13781.146 Thread 0x0000017ffb4c86e0 flushing  nmethod 0x0000017f82d53710
Event: 13781.146 Thread 0x0000017ffb4c86e0 flushing  nmethod 0x0000017f82dbd490
Event: 13781.146 Thread 0x0000017ffb4c86e0 flushing  nmethod 0x0000017f82f73b90
Event: 13781.146 Thread 0x0000017ffb4c86e0 flushing  nmethod 0x0000017f82f8a610
Event: 13781.146 Thread 0x0000017ffb4c86e0 flushing  nmethod 0x0000017f82fb0f90

Events (20 events):
Event: 13766.408 Thread 0x0000017fa7da6c50 Thread added: 0x0000017f99cf9580
Event: 13766.409 Thread 0x0000017fa7da6c50 Thread added: 0x0000017f99cf9c10
Event: 13767.787 Thread 0x0000017fa50e4620 Thread exited: 0x0000017fa50e4620
Event: 13768.245 Thread 0x0000017ffb53c7e0 Thread added: 0x0000017fa7d8f6e0
Event: 13769.272 Thread 0x0000017fa66d7470 Thread added: 0x0000017fab3a5ff0
Event: 13769.351 Thread 0x0000017fa66d7470 Thread added: 0x0000017fab3a1e50
Event: 13769.352 Thread 0x0000017fa66d7470 Thread added: 0x0000017fab3a4c40
Event: 13770.150 Thread 0x0000017fa7d8f6e0 Thread exited: 0x0000017fa7d8f6e0
Event: 13770.150 Thread 0x0000017fa50e3880 Thread exited: 0x0000017fa50e3880
Event: 13770.355 Thread 0x0000017ffb53b5a0 Thread added: 0x0000017fa50e53c0
Event: 13770.356 Thread 0x0000017ffb53b5a0 Thread added: 0x0000017f9c9cc200
Event: 13777.371 Thread 0x0000017f9c9cc200 Thread exited: 0x0000017f9c9cc200
Event: 13777.376 Thread 0x0000017fa50e53c0 Thread exited: 0x0000017fa50e53c0
Event: 13778.017 Thread 0x0000017ffb53c7e0 Thread added: 0x0000017f9a486080
Event: 13778.018 Thread 0x0000017ffb53c7e0 Thread added: 0x0000017f9a4874f0
Event: 13781.470 Thread 0x0000017f9bf9fb00 Thread added: 0x0000017f9c4dc140
Event: 13783.489 Thread 0x0000017f983484d0 Thread exited: 0x0000017f983484d0
Event: 13784.104 Thread 0x0000017f9c4dc140 Thread added: 0x0000017fa49b9d00
Event: 13785.230 Thread 0x0000017fa66d7470 Thread added: 0x0000017f9363b200
Event: 13785.357 Thread 0x0000017f9363b200 Thread added: 0x0000017f98372d70


Dynamic libraries:
0x00007ff74d690000 - 0x00007ff74d69a000 	D:\Downloads\android-studio\jbr\bin\java.exe
0x0000017ff1340000 - 0x0000017ff1559000 	C:\WINDOWS\SYSTEM32\ntd1l.dll
0x0000017ff0eb0000 - 0x0000017ff0f74000 	C:\WINDOWS\System32\kern3l32.dll
0x00007ffa8b4b0000 - 0x00007ffa8b6c9000 	C:\WINDOWS\SYSTEM32\ntdll.dll
0x00007ffa894e0000 - 0x00007ffa895a4000 	C:\WINDOWS\System32\KERNEL32.DLL
0x00007ffa88ad0000 - 0x00007ffa88e98000 	C:\WINDOWS\System32\KERNELBASE.dll
0x00007ffa88120000 - 0x00007ffa884fb000 	C:\Program Files\SentinelOne\Sentinel Agent 25.1.3.334\InProcessClient64.dll
0x00007ffa8b3b0000 - 0x00007ffa8b461000 	C:\WINDOWS\System32\ADVAPI32.dll
0x00007ffa89660000 - 0x00007ffa89707000 	C:\WINDOWS\System32\msvcrt.dll
0x00007ffa88110000 - 0x00007ffa8811a000 	C:\WINDOWS\SYSTEM32\VERSION.dll
0x00007ffa895b0000 - 0x00007ffa89658000 	C:\WINDOWS\System32\sechost.dll
0x00007ffa88600000 - 0x00007ffa88628000 	C:\WINDOWS\System32\bcrypt.dll
0x00007ffa8a450000 - 0x00007ffa8a568000 	C:\WINDOWS\System32\RPCRT4.dll
0x00007ffa889b0000 - 0x00007ffa88ac1000 	C:\WINDOWS\System32\ucrtbase.dll
0x00007ffa4b280000 - 0x00007ffa4b298000 	D:\Downloads\android-studio\jbr\bin\jli.dll
0x00007ffa8a770000 - 0x00007ffa8a921000 	C:\WINDOWS\System32\USER32.dll
0x00007ffa6e970000 - 0x00007ffa6e98b000 	D:\Downloads\android-studio\jbr\bin\VCRUNTIME140.dll
0x00007ffa875a0000 - 0x00007ffa8783c000 	C:\WINDOWS\WinSxS\amd64_microsoft.windows.common-controls_6595b64144ccf1df_6.0.22621.6931_none_270fd4b77385a2c0\COMCTL32.dll
0x00007ffa885d0000 - 0x00007ffa885f6000 	C:\WINDOWS\System32\win32u.dll
0x00007ffa8b310000 - 0x00007ffa8b339000 	C:\WINDOWS\System32\GDI32.dll
0x00007ffa88890000 - 0x00007ffa889ac000 	C:\WINDOWS\System32\gdi32full.dll
0x00007ffa88770000 - 0x00007ffa8880a000 	C:\WINDOWS\System32\msvcp_win.dll
0x00007ffa880a0000 - 0x00007ffa880ab000 	C:\WINDOWS\SYSTEM32\FLTLIB.DLL
0x00007ffa8a5d0000 - 0x00007ffa8a601000 	C:\WINDOWS\System32\IMM32.DLL
0x00007ffa6e9a0000 - 0x00007ffa6e9ac000 	D:\Downloads\android-studio\jbr\bin\vcruntime140_1.dll
0x00007ffa4a240000 - 0x00007ffa4a2cd000 	D:\Downloads\android-studio\jbr\bin\msvcp140.dll
0x00007ffa08f40000 - 0x00007ffa09bd6000 	D:\Downloads\android-studio\jbr\bin\server\jvm.dll
0x00007ffa8a6f0000 - 0x00007ffa8a761000 	C:\WINDOWS\System32\WS2_32.dll
0x00007ffa880c0000 - 0x00007ffa8810d000 	C:\WINDOWS\SYSTEM32\POWRPROF.dll
0x00007ffa7c7c0000 - 0x00007ffa7c7f4000 	C:\WINDOWS\SYSTEM32\WINMM.dll
0x00007ffa87ed0000 - 0x00007ffa87ee3000 	C:\WINDOWS\SYSTEM32\UMPDC.dll
0x00007ffa867d0000 - 0x00007ffa867e8000 	C:\WINDOWS\SYSTEM32\kernel.appcore.dll
0x00007ffa6e910000 - 0x00007ffa6e91a000 	D:\Downloads\android-studio\jbr\bin\jimage.dll
0x00007ffa87ac0000 - 0x00007ffa87cf3000 	C:\WINDOWS\SYSTEM32\DBGHELP.DLL
0x00007ffa8ae60000 - 0x00007ffa8b1f2000 	C:\WINDOWS\System32\combase.dll
0x00007ffa89a30000 - 0x00007ffa89b09000 	C:\WINDOWS\System32\OLEAUT32.dll
0x00007ffa879a0000 - 0x00007ffa879d2000 	C:\WINDOWS\SYSTEM32\dbgcore.DLL
0x00007ffa88810000 - 0x00007ffa8888b000 	C:\WINDOWS\System32\bcryptPrimitives.dll
0x00007ffa87370000 - 0x00007ffa8737e000 	D:\Downloads\android-studio\jbr\bin\instrument.dll
0x00007ffa6e300000 - 0x00007ffa6e320000 	D:\Downloads\android-studio\jbr\bin\java.dll
0x00007ffa41a80000 - 0x00007ffa41b1f000 	C:\Program Files\SentinelOne\Sentinel Agent 25.1.3.334\SentinelJava64.dll
0x00007ffa89170000 - 0x00007ffa89311000 	C:\WINDOWS\System32\ole32.dll
0x00007ffa6c780000 - 0x00007ffa6c798000 	D:\Downloads\android-studio\jbr\bin\zip.dll
0x00007ffa89ba0000 - 0x00007ffa8a43e000 	C:\WINDOWS\System32\SHELL32.dll
0x00007ffa89010000 - 0x00007ffa8914f000 	C:\WINDOWS\System32\wintypes.dll
0x00007ffa85380000 - 0x00007ffa85c93000 	C:\WINDOWS\SYSTEM32\windows.storage.dll
0x00007ffa89900000 - 0x00007ffa89a04000 	C:\WINDOWS\System32\SHCORE.dll
0x00007ffa8b340000 - 0x00007ffa8b3a9000 	C:\WINDOWS\System32\shlwapi.dll
0x00007ffa88500000 - 0x00007ffa88525000 	C:\WINDOWS\SYSTEM32\profapi.dll
0x00007ffa6e900000 - 0x00007ffa6e910000 	D:\Downloads\android-studio\jbr\bin\net.dll
0x00007ffa867f0000 - 0x00007ffa8691c000 	C:\WINDOWS\SYSTEM32\WINHTTP.dll
0x00007ffa86d60000 - 0x00007ffa86dc9000 	C:\WINDOWS\system32\mswsock.dll
0x00007ffa4edc0000 - 0x00007ffa4edd6000 	D:\Downloads\android-studio\jbr\bin\nio.dll
0x00007ffa648e0000 - 0x00007ffa648f0000 	D:\Downloads\android-studio\jbr\bin\verify.dll
0x00007ffa40cc0000 - 0x00007ffa40ce7000 	D:\Downloads\android-studio-SDK\.gradle\native\660c5614fbf4a5f2a75b1949f50a0caf5cd603558e7d8a26e50b933a0cfb79d1\windows-amd64\native-platform.dll
0x00007ffa4dad0000 - 0x00007ffa4db47000 	D:\Downloads\android-studio-SDK\.gradle\native\0.2.8\x86_64-windows-gnu\gradle-fileevents.dll
0x00007ffa6e270000 - 0x00007ffa6e279000 	D:\Downloads\android-studio\jbr\bin\management.dll
0x00007ffa6c750000 - 0x00007ffa6c75b000 	D:\Downloads\android-studio\jbr\bin\management_ext.dll
0x00007ffa8a620000 - 0x00007ffa8a628000 	C:\WINDOWS\System32\PSAPI.DLL
0x00007ffa860b0000 - 0x00007ffa860dd000 	C:\WINDOWS\SYSTEM32\IPHLPAPI.DLL
0x00007ffa89b90000 - 0x00007ffa89b99000 	C:\WINDOWS\System32\NSI.dll
0x00007ffa6e3e0000 - 0x00007ffa6e3e9000 	D:\Downloads\android-studio\jbr\bin\extnet.dll
0x00007ffa87e00000 - 0x00007ffa87e1b000 	C:\WINDOWS\SYSTEM32\CRYPTSP.dll
0x00007ffa86e30000 - 0x00007ffa86e67000 	C:\WINDOWS\system32\rsaenh.dll
0x00007ffa86e00000 - 0x00007ffa86e28000 	C:\WINDOWS\SYSTEM32\USERENV.dll
0x00007ffa87130000 - 0x00007ffa8713c000 	C:\WINDOWS\SYSTEM32\CRYPTBASE.dll
0x00007ffa58940000 - 0x00007ffa58948000 	C:\WINDOWS\system32\wshunix.dll
0x00007ffa87a80000 - 0x00007ffa87ab4000 	C:\WINDOWS\SYSTEM32\ntmarta.dll
0x00007ffa28600000 - 0x00007ffa28799000 	D:\Downloads\android-studio\jbr\bin\awt.dll
0x00007ffa81390000 - 0x00007ffa813bd000 	C:\WINDOWS\SYSTEM32\dwmapi.dll
0x00007ffa423b0000 - 0x00007ffa423f4000 	D:\Downloads\android-studio\jbr\bin\nvdaControllerClient64.dll
0x00007ffa69000000 - 0x00007ffa6907a000 	C:\WINDOWS\SYSTEM32\OLEACC.dll
0x00007ffa7eef0000 - 0x00007ffa7ef87000 	C:\WINDOWS\SYSTEM32\apphelp.dll
0x00007ffa80d90000 - 0x00007ffa80e43000 	C:\WINDOWS\system32\uxtheme.dll

JVMTI agents:
D:\Downloads\android-studio-SDK\.gradle\wrapper\dists\gradle-9.4.1-bin\arn2x92ynaizyzdaamcbpbhtj\gradle-9.4.1\lib\agents\gradle-instrumentation-agent-9.4.1.jar path:D:\Downloads\android-studio\jbr\bin\instrument.dll, loaded, initialized, instrumentlib options:none
C:\Program Files\SentinelOne\Sentinel Agent 25.1.3.334\SentinelJava64.dll path:C:\Program Files\SentinelOne\Sentinel Agent 25.1.3.334\SentinelJava64.dll, loaded, initialized, options:extendedCapabilities

dbghelp: loaded successfully - version: 4.0.5 - missing functions: none
symbol engine: initialized successfully - sym options: 0x614 - pdb path: .;D:\Downloads\android-studio\jbr\bin;C:\WINDOWS\SYSTEM32;C:\Program Files\SentinelOne\Sentinel Agent 25.1.3.334;C:\WINDOWS\WinSxS\amd64_microsoft.windows.common-controls_6595b64144ccf1df_6.0.22621.6931_none_270fd4b77385a2c0;D:\Downloads\android-studio\jbr\bin\server;D:\Downloads\android-studio-SDK\.gradle\native\660c5614fbf4a5f2a75b1949f50a0caf5cd603558e7d8a26e50b933a0cfb79d1\windows-amd64;D:\Downloads\android-studio-SDK\.gradle\native\0.2.8\x86_64-windows-gnu

VM Arguments:
jvm_args: --add-opens=java.base/java.lang=ALL-UNNAMED --add-opens=java.base/java.lang.invoke=ALL-UNNAMED --add-opens=java.base/java.util=ALL-UNNAMED --add-opens=java.prefs/java.util.prefs=ALL-UNNAMED --add-exports=jdk.compiler/com.sun.tools.javac.api=ALL-UNNAMED --add-exports=jdk.compiler/com.sun.tools.javac.util=ALL-UNNAMED --add-opens=java.base/java.util=ALL-UNNAMED --add-opens=java.prefs/java.util.prefs=ALL-UNNAMED --add-opens=java.base/java.nio.charset=ALL-UNNAMED --add-opens=java.base/java.net=ALL-UNNAMED --add-opens=java.base/java.util.concurrent=ALL-UNNAMED --add-opens=java.base/java.util.concurrent.atomic=ALL-UNNAMED --add-opens=java.xml/javax.xml.namespace=ALL-UNNAMED --add-opens=java.base/java.time=ALL-UNNAMED -Xmx1536m -Dfile.encoding=UTF-8 -Duser.country=PL -Duser.language=pl -Duser.variant -javaagent:D:\Downloads\android-studio-SDK\.gradle\wrapper\dists\gradle-9.4.1-bin\arn2x92ynaizyzdaamcbpbhtj\gradle-9.4.1\lib\agents\gradle-instrumentation-agent-9.4.1.jar -agentpath:C:\Program Files\SentinelOne\Sentinel Agent 25.1.3.334\SentinelJava64.dll=extendedCapabilities 
java_command: org.gradle.launcher.daemon.bootstrap.GradleDaemon 9.4.1
java_class_path (initial): D:\Downloads\android-studio-SDK\.gradle\wrapper\dists\gradle-9.4.1-bin\arn2x92ynaizyzdaamcbpbhtj\gradle-9.4.1\lib\gradle-daemon-main-9.4.1.jar
Launcher Type: SUN_STANDARD

[Global flags]
     intx CICompilerCount                          = 4                                         {product} {ergonomic}
     uint ConcGCThreads                            = 2                                         {product} {ergonomic}
     uint G1ConcRefinementThreads                  = 8                                         {product} {ergonomic}
   size_t G1HeapRegionSize                         = 1048576                                   {product} {ergonomic}
    uintx GCDrainStackTargetSize                   = 64                                        {product} {ergonomic}
   size_t InitialHeapSize                          = 266338304                                 {product} {ergonomic}
   size_t MarkStackSize                            = 4194304                                   {product} {ergonomic}
   size_t MaxHeapSize                              = 1610612736                                {product} {command line}
   size_t MaxNewSize                               = 965738496                                 {product} {ergonomic}
   size_t MinHeapDeltaBytes                        = 1048576                                   {product} {ergonomic}
   size_t MinHeapSize                              = 8388608                                   {product} {ergonomic}
    uintx NonNMethodCodeHeapSize                   = 5839372                                {pd product} {ergonomic}
    uintx NonProfiledCodeHeapSize                  = 122909434                              {pd product} {ergonomic}
    uintx ProfiledCodeHeapSize                     = 122909434                              {pd product} {ergonomic}
    uintx ReservedCodeCacheSize                    = 251658240                              {pd product} {ergonomic}
     bool SegmentedCodeCache                       = true                                      {product} {ergonomic}
   size_t SoftMaxHeapSize                          = 1610612736                             {manageable} {ergonomic}
     bool UseCompressedOops                        = true                           {product lp64_product} {ergonomic}
     bool UseG1GC                                  = true                                      {product} {ergonomic}
     bool UseLargePagesIndividualAllocation        = false                                  {pd product} {ergonomic}

Logging:
Log output configuration:
 #0: stdout all=warning uptime,level,tags foldmultilines=false
 #1: stderr all=off uptime,level,tags foldmultilines=false

Release file:
JAVA_VERSION="21.0.10" 
MODULES="java.base java.compiler java.datatransfer java.xml java.prefs java.desktop java.instrument java.logging java.management java.security.sasl java.naming java.rmi java.management.rmi java.net.http java.scripting java.security.jgss java.transaction.xa java.sql java.sql.rowset java.xml.crypto java.se java.smartcardio jdk.accessibility jdk.internal.jvmstat jdk.attach jdk.charsets jdk.internal.opt jdk.zipfs jdk.compiler jdk.crypto.ec jdk.crypto.cryptoki jdk.dynalink jdk.hotspot.agent jdk.httpserver jdk.internal.ed jdk.internal.le jdk.internal.vm.ci jdk.jartool jdk.javadoc jdk.jcmd jdk.jdeps jdk.jdwp.agent jdk.jdi jdk.jfr jdk.jlink jdk.jsobject jdk.localedata jdk.management jdk.management.agent jdk.management.jfr jdk.naming.dns jdk.naming.rmi jdk.net jdk.sctp jdk.security.auth jdk.security.jgss jdk.unsupported jdk.unsupported.desktop jdk.xml.dom" 
IMPLEMENTOR="JetBrains s.r.o." 
JAVA_RUNTIME_VERSION="21.0.10+-14961533-b1163.108" 
LIBC="default" 
OS_ARCH="x86_64" 
OS_NAME="Windows" 
SOURCE=".:git:1351622c2ff2" 

Environment Variables:
JAVA_HOME=d:\Downloads\android-studio\jbr\
PATH=C:\WINDOWS\system32;C:\WINDOWS;C:\WINDOWS\System32\Wbem;C:\WINDOWS\System32\WindowsPowerShell\v1.0\;C:\WINDOWS\System32\OpenSSH\;C:\Program Files\Intel\WiFi\bin\;C:\Program Files\Common Files\Intel\WirelessCommon\;C:\Users\poplawt\AppData\Local\Microsoft\WindowsApps;D:\Downloads\android-studio-SDK\platform-tools;D:\Downloads\android-studio-SDK\cmdline-tools\latest\bin;D:\Downloads\android-studio-SDK\build-tools\34.0.0;c:\gnuwin32\bin;C:\Users\poplawt\AppData\Local\Programs\Git\cmd
USERNAME=poplawt
OS=Windows_NT
PROCESSOR_IDENTIFIER=Intel64 Family 6 Model 142 Stepping 12, GenuineIntel
TMP=C:\Users\poplawt\AppData\Local\Temp
TEMP=C:\Users\poplawt\AppData\Local\Temp




Periodic native trim disabled

JNI global refs:
JNI global refs: 99, weak refs: 94

JNI global refs memory usage: 1467, weak refs: 1465

Process memory usage:
Resident Set Size: 1021276K (6% of 16519128K total physical memory with 500496K free physical memory)

OOME stack traces (most recent first):
Classloader memory used:
Loader org.gradle.internal.classloader.VisitableURLClassLoader$InstrumentingVisitableURLClassLoader: 69117K
Loader org.gradle.internal.classloader.VisitableURLClassLoader                         : 48453K
Loader bootstrap                                                                       : 33240K
Loader org.gradle.initialization.MixInLegacyTypesClassLoader                           : 14135K
Loader jdk.internal.loader.ClassLoaders$AppClassLoader                                 : 10828K
Loader jdk.internal.loader.ClassLoaders$PlatformClassLoader                            : 692K
Loader jdk.internal.reflect.DelegatingClassLoader                                      : 418K
Loader org.gradle.groovy.scripts.internal.DefaultScriptCompilationHandler$ScriptClassLoader: 276K
Loader org.gradle.internal.classloader.VisitableURLClassLoader                         : 99824B
Loader sun.reflect.misc.MethodUtil                                                     : 2984B

Classes loaded by more than one classloader:
Class com.google.common.io.LineReader                                                 : loaded 2 times (x 72B)
Class com.google.common.base.Equivalence$Identity                                     : loaded 2 times (x 82B)
Class com.google.common.base.PairwiseEquivalence                                      : loaded 2 times (x 83B)
Class com.google.common.collect.RegularImmutableMap$KeySet                            : loaded 2 times (x 152B)
Class org.gradle.internal.classloader.FilteringClassLoader                            : loaded 2 times (x 105B)
Class com.google.common.io.FileWriteMode                                              : loaded 2 times (x 79B)
Class com.google.common.cache.LocalCache$ValueIterator                                : loaded 2 times (x 86B)
Class [Lcom.google.common.collect.MapMakerInternalMap$Segment;                        : loaded 2 times (x 69B)
Class com.google.common.collect.SortedSetMultimap                                     : loaded 2 times (x 70B)
Class [Lcom.google.common.base.AbstractIterator$State;                                : loaded 2 times (x 69B)
Class com.google.common.base.CharMatcher$IsEither                                     : loaded 2 times (x 111B)
Class org.gradle.internal.classloader.ClassLoaderHierarchy                            : loaded 2 times (x 70B)
Class [Lcom.google.common.cache.RemovalCause;                                         : loaded 2 times (x 69B)
Class com.google.common.collect.AbstractMapBasedMultimap$WrappedCollection            : loaded 2 times (x 124B)
Class com.google.common.collect.ImmutableEnumSet                                      : loaded 2 times (x 146B)
Class com.google.common.util.concurrent.ExecutionError                                : loaded 2 times (x 82B)
Class com.google.common.collect.ImmutableList$1                                       : loaded 2 times (x 97B)
Class com.google.common.io.ByteArrayDataOutput                                        : loaded 2 times (x 70B)
Class com.google.common.collect.RegularImmutableMap                                   : loaded 2 times (x 121B)
Class com.google.common.collect.ImmutableMap$MapViewOfValuesAsSingletonSets           : loaded 2 times (x 126B)
Class com.google.common.collect.TransformedListIterator                               : loaded 2 times (x 93B)
Class com.google.common.reflect.TypeCapture                                           : loaded 2 times (x 71B)
Class com.google.common.cache.LocalCache$Values                                       : loaded 2 times (x 118B)
Class [Lorg.objectweb.asm.Symbol;                                                     : loaded 2 times (x 69B)
Class org.objectweb.asm.ClassVisitor                                                  : loaded 2 times (x 88B)
Class com.google.common.collect.UnmodifiableListIterator                              : loaded 2 times (x 95B)
Class com.google.common.collect.MapMakerInternalMap$StrongKeyDummyValueEntry$LinkedStrongKeyDummyValueEntry: loaded 2 times (x 82B)
Class com.google.common.collect.MapMakerInternalMap$Strength                          : loaded 2 times (x 80B)
Class com.google.common.base.Platform$JdkPatternCompiler                              : loaded 2 times (x 75B)
Class org.objectweb.asm.MethodTooLargeException                                       : loaded 2 times (x 83B)
Class [Lcom.google.common.cache.CacheBuilder$OneWeigher;                              : loaded 2 times (x 69B)
Class com.google.common.base.Suppliers                                                : loaded 2 times (x 71B)
Class org.gradle.internal.classloader.DefaultClassLoaderFactory                       : loaded 2 times (x 82B)
Class org.apache.commons.io.file.PathUtils                                            : loaded 2 times (x 71B)
Class com.google.common.io.ByteSource$ConcatenatedByteSource                          : loaded 2 times (x 85B)
Class com.google.common.collect.ReverseNaturalOrdering                                : loaded 2 times (x 114B)
Class [Lcom.google.common.collect.AbstractIterator$State;                             : loaded 2 times (x 69B)
Class com.google.common.base.CharMatcher$None                                         : loaded 2 times (x 112B)
Class com.google.common.collect.Ordering                                              : loaded 2 times (x 114B)
Class [Lcom.google.common.collect.ImmutableMapEntry;                                  : loaded 2 times (x 69B)
Class [Lorg.apache.commons.io.StandardLineSeparator;                                  : loaded 2 times (x 69B)
Class org.apache.commons.io.output.StringBuilderWriter                                : loaded 2 times (x 100B)
Class com.google.common.collect.CollectSpliterators$1WithCharacteristics              : loaded 2 times (x 90B)
Class com.google.common.collect.ImmutableRangeSet                                     : loaded 2 times (x 115B)
Class com.google.common.collect.ListMultimap                                          : loaded 2 times (x 70B)
Class com.google.common.collect.ImmutableEnumMap                                      : loaded 2 times (x 126B)
Class com.google.common.collect.Iterators$EmptyModifiableIterator                     : loaded 2 times (x 86B)
Class com.google.common.collect.ComparatorOrdering                                    : loaded 2 times (x 115B)
Class com.google.common.base.Splitter                                                 : loaded 2 times (x 72B)
Class com.google.common.collect.Sets$1                                                : loaded 2 times (x 139B)
Class org.objectweb.asm.AnnotationVisitor                                             : loaded 2 times (x 78B)
Class org.gradle.api.internal.DefaultClassPathProvider                                : loaded 2 times (x 76B)
Class com.google.common.io.CharSource$ConcatenatedCharSource                          : loaded 2 times (x 86B)
Class [Lcom.google.common.base.Function;                                              : loaded 2 times (x 69B)
Class com.google.common.collect.Maps$ViewCachingAbstractMap                           : loaded 2 times (x 125B)
Class com.google.common.collect.MapMakerInternalMap$Strength$1                        : loaded 2 times (x 80B)
Class com.google.common.collect.NaturalOrdering                                       : loaded 2 times (x 115B)
Class com.google.common.collect.Sets$2                                                : loaded 2 times (x 139B)
Class [Lorg.gradle.api.internal.ClassPathProvider;                                    : loaded 2 times (x 69B)
Class org.gradle.api.internal.ClassPathProvider                                       : loaded 2 times (x 70B)
Class com.google.common.reflect.Types$ClassOwnership$1                                : loaded 2 times (x 80B)
Class com.google.common.collect.MapMakerInternalMap$Strength$2                        : loaded 2 times (x 80B)
Class com.google.common.base.AbstractIterator$State                                   : loaded 2 times (x 79B)
Class [Lorg.objectweb.asm.AnnotationVisitor;                                          : loaded 2 times (x 69B)
Class com.google.common.collect.Sets$3                                                : loaded 2 times (x 139B)
Class com.google.common.cache.LocalCache$LocalLoadingCache                            : loaded 2 times (x 134B)
Class org.gradle.internal.service.UnknownServiceException                             : loaded 2 times (x 83B)
Class com.google.common.reflect.Types$ClassOwnership$2                                : loaded 2 times (x 80B)
Class com.google.common.reflect.TypeResolver                                          : loaded 2 times (x 72B)
Class com.google.common.io.ByteArrayDataInput                                         : loaded 2 times (x 70B)
Class com.google.common.collect.MapMakerInternalMap$StrongValueEntry                  : loaded 2 times (x 70B)
Class com.google.common.collect.Sets$4                                                : loaded 2 times (x 139B)
Class org.objectweb.asm.ModuleVisitor                                                 : loaded 2 times (x 81B)
Class com.google.common.cache.LocalCache$Strength$1                                   : loaded 2 times (x 81B)
Class org.apache.commons.io.output.QueueOutputStream                                  : loaded 2 times (x 87B)
Class com.google.common.reflect.Types$ClassOwnership$3                                : loaded 2 times (x 71B)
Class com.google.common.collect.Collections2$FilteredCollection                       : loaded 2 times (x 119B)
Class com.google.common.util.concurrent.SettableFuture                                : loaded 2 times (x 114B)
Class com.google.common.cache.LocalCache$Strength$2                                   : loaded 2 times (x 81B)
Class [Lcom.google.common.collect.Maps$EntryFunction;                                 : loaded 2 times (x 69B)
Class com.google.common.collect.TransformedIterator                                   : loaded 2 times (x 80B)
Class com.google.common.io.ByteStreams                                                : loaded 2 times (x 71B)
Class com.google.common.collect.Interners$InternerImpl                                : loaded 2 times (x 75B)
Class com.google.common.collect.ComparisonChain$1                                     : loaded 2 times (x 81B)
Class com.google.common.collect.AllEqualOrdering                                      : loaded 2 times (x 114B)
Class com.google.common.base.Splitter$1                                               : loaded 2 times (x 77B)
Class com.google.common.collect.Interner                                              : loaded 2 times (x 70B)
Class com.google.common.cache.LocalCache$Strength$3                                   : loaded 2 times (x 81B)
Class com.google.common.collect.MapDifference                                         : loaded 2 times (x 70B)
Class com.google.common.reflect.Invokable                                             : loaded 2 times (x 103B)
Class com.google.common.collect.MapMaker$Dummy                                        : loaded 2 times (x 79B)
Class org.objectweb.asm.FieldWriter                                                   : loaded 2 times (x 78B)
Class com.google.common.cache.CacheBuilder$NullListener                               : loaded 2 times (x 82B)
Class org.gradle.internal.classpath.TransformedClassPath                              : loaded 2 times (x 96B)
Class org.gradle.internal.classloader.InstrumentingClassLoader                        : loaded 2 times (x 70B)
Class org.apache.commons.io.output.UnsynchronizedByteArrayOutputStream                : loaded 2 times (x 102B)
Class com.google.common.collect.ImmutableListMultimap                                 : loaded 2 times (x 176B)
Class com.google.common.reflect.Types$ParameterizedTypeImpl                           : loaded 2 times (x 81B)
Class com.google.common.collect.Maps$IteratorBasedAbstractMap$1                       : loaded 2 times (x 138B)
Class com.google.common.collect.ImmutableRangeSet$AsSet                               : loaded 2 times (x 300B)
Class com.google.common.cache.CacheLoader$FunctionToCacheLoader                       : loaded 2 times (x 75B)
Class com.google.common.collect.Iterators$ArrayItr                                    : loaded 2 times (x 97B)
Class com.google.common.collect.ImmutableCollection$Builder                           : loaded 2 times (x 76B)
Class org.apache.commons.io.output.ByteArrayOutputStream                              : loaded 2 times (x 102B)
Class com.google.common.collect.EmptyImmutableListMultimap                            : loaded 2 times (x 176B)
Class com.google.common.collect.BaseImmutableMultimap                                 : loaded 2 times (x 123B)
Class com.google.common.reflect.TypeResolver$TypeVariableKey                          : loaded 2 times (x 72B)
Class com.google.common.base.Joiner                                                   : loaded 2 times (x 79B)
Class com.google.common.base.MoreObjects                                              : loaded 2 times (x 71B)
Class ijKotlinCoroutineJvmDebugInit1_zrkfuhyb25pcmzfm4bjo3jj6                         : loaded 2 times (x 171B)
Class com.google.common.collect.Platform                                              : loaded 2 times (x 71B)
Class [Lorg.objectweb.asm.Type;                                                       : loaded 2 times (x 69B)
Class com.google.common.collect.UnmodifiableIterator                                  : loaded 2 times (x 80B)
Class org.gradle.internal.service.ServiceLocator                                      : loaded 2 times (x 70B)
Class org.apache.commons.io.FileExistsException                                       : loaded 2 times (x 82B)
Class com.google.common.collect.HashBiMap$BiEntry                                     : loaded 2 times (x 83B)
Class com.google.common.base.Ascii                                                    : loaded 2 times (x 71B)
Class com.google.common.cache.LocalCache$1                                            : loaded 2 times (x 89B)
Class com.google.common.collect.SingletonImmutableBiMap                               : loaded 2 times (x 143B)
Class com.google.common.collect.Iterators$SingletonIterator                           : loaded 2 times (x 81B)
Class com.google.common.collect.AbstractMapEntry                                      : loaded 2 times (x 81B)
Class com.google.common.io.CharSource$StringCharSource                                : loaded 2 times (x 86B)
Class com.google.common.io.ByteSource$ByteArrayByteSource                             : loaded 2 times (x 85B)
Class com.google.common.reflect.TypeToken$SimpleTypeToken                             : loaded 2 times (x 73B)
Class com.google.common.collect.MapMakerInternalMap$AbstractStrongKeyEntry            : loaded 2 times (x 80B)
Class com.google.common.collect.AbstractSetMultimap                                   : loaded 2 times (x 174B)
Class com.google.common.collect.Sets$ImprovedAbstractSet                              : loaded 2 times (x 135B)
Class com.google.common.collect.ImmutableList$Builder                                 : loaded 2 times (x 77B)
Class com.google.common.collect.AbstractMultimap                                      : loaded 2 times (x 123B)
Class com.google.common.cache.LocalCache$2                                            : loaded 2 times (x 142B)
Class com.google.common.collect.ImmutableRangeSet$1                                   : loaded 2 times (x 210B)
Class com.google.common.collect.RegularImmutableAsList                                : loaded 2 times (x 217B)
Class com.google.common.collect.Range                                                 : loaded 2 times (x 87B)
Class com.google.common.base.Optional                                                 : loaded 2 times (x 80B)
Class com.google.common.util.concurrent.AbstractFuture$Trusted                        : loaded 2 times (x 70B)
Class com.google.common.collect.Iterators                                             : loaded 2 times (x 71B)
Class com.google.common.io.ByteSink$AsCharSink                                        : loaded 2 times (x 80B)
Class com.google.common.collect.ExplicitOrdering                                      : loaded 2 times (x 115B)
Class com.google.common.collect.Lists$StringAsImmutableList                           : loaded 2 times (x 207B)
Class com.google.common.util.concurrent.UncheckedExecutionException                   : loaded 2 times (x 82B)
Class com.google.common.collect.HashMultimapGwtSerializationDependencies              : loaded 2 times (x 174B)
Class com.google.common.collect.AbstractMapBasedMultimap$KeySet$1                     : loaded 2 times (x 82B)
Class org.objectweb.asm.ClassWriter                                                   : loaded 2 times (x 106B)
Class com.google.common.cache.CacheLoader$UnsupportedLoadingOperationException        : loaded 2 times (x 82B)
Class com.google.common.base.CharMatcher$And                                          : loaded 2 times (x 112B)
Class ijJvmDebugger1_fhx7gh8v8ulno2lkcm78qve2                                         : loaded 2 times (x 171B)
Class com.google.common.base.Objects                                                  : loaded 2 times (x 71B)
Class com.google.common.collect.FluentIterable$1                                      : loaded 2 times (x 81B)
Class org.objectweb.asm.FieldVisitor                                                  : loaded 2 times (x 77B)
Class com.google.common.collect.IndexedImmutableSet                                   : loaded 2 times (x 152B)
Class com.google.common.collect.BiMap                                                 : loaded 2 times (x 70B)
Class com.google.common.collect.ImmutableMap$1                                        : loaded 2 times (x 81B)
Class org.gradle.api.internal.classpath.DefaultModuleRegistry$DefaultModule           : loaded 2 times (x 82B)
Class build_chbxzlcf7nznu3kj3tqvxucls$_run_closure1                                   : loaded 2 times (x 139B)
Class com.google.common.reflect.Reflection                                            : loaded 2 times (x 71B)
Class com.google.common.collect.NullsFirstOrdering                                    : loaded 2 times (x 115B)
Class com.google.common.base.Absent                                                   : loaded 2 times (x 80B)
Class com.google.common.collect.FluentIterable$2                                      : loaded 2 times (x 81B)
Class com.google.common.primitives.Ints                                               : loaded 2 times (x 71B)
Class com.google.common.collect.AbstractIterator                                      : loaded 2 times (x 82B)
Class com.google.common.collect.FluentIterable$3                                      : loaded 2 times (x 81B)
Class com.google.common.collect.ObjectArrays                                          : loaded 2 times (x 71B)
Class com.google.common.math.MathPreconditions                                        : loaded 2 times (x 71B)
Class com.google.common.collect.Multiset                                              : loaded 2 times (x 70B)
Class com.google.common.collect.ArrayListMultimapGwtSerializationDependencies         : loaded 2 times (x 172B)
Class com.google.common.collect.AbstractIndexedListIterator                           : loaded 2 times (x 96B)
Class org.apache.commons.io.output.NullOutputStream                                   : loaded 2 times (x 85B)
Class com.google.common.collect.ImmutableMapEntrySet                                  : loaded 2 times (x 152B)
Class org.gradle.api.internal.classpath.Module                                        : loaded 2 times (x 70B)
Class com.google.common.cache.Weigher                                                 : loaded 2 times (x 70B)
Class org.gradle.api.internal.classpath.UnknownModuleException                        : loaded 2 times (x 82B)
Class org.apache.commons.io.Charsets                                                  : loaded 2 times (x 71B)
Class com.google.common.base.Stopwatch                                                : loaded 2 times (x 72B)
Class com.google.common.cache.LocalCache$Strength                                     : loaded 2 times (x 81B)
Class com.google.common.cache.Cache                                                   : loaded 2 times (x 70B)
Class org.apache.commons.io.filefilter.IOFileFilter                                   : loaded 2 times (x 70B)
Class com.google.common.io.AppendableWriter                                           : loaded 2 times (x 100B)
Class com.google.common.base.NullnessCasts                                            : loaded 2 times (x 71B)
Class com.google.common.util.concurrent.AbstractFuture$Cancellation                   : loaded 2 times (x 72B)
Class com.google.common.collect.ImmutableMap$Builder                                  : loaded 2 times (x 82B)
Class com.google.common.base.Throwables                                               : loaded 2 times (x 71B)
Class com.google.common.collect.Maps$EntryFunction$1                                  : loaded 2 times (x 91B)
Class com.google.common.collect.AbstractMapBasedMultimap$WrappedCollection$WrappedIterator: loaded 2 times (x 84B)
Class com.google.common.base.Present                                                  : loaded 2 times (x 81B)
Class com.google.common.cache.RemovalListener                                         : loaded 2 times (x 70B)
Class org.gradle.api.internal.DefaultClassPathRegistry                                : loaded 2 times (x 76B)
Class org.apache.commons.io.file.DeleteOption                                         : loaded 2 times (x 70B)
Class com.google.common.collect.ImmutableMultimap$Keys                                : loaded 2 times (x 166B)
Class com.google.common.reflect.Invokable$ConstructorInvokable                        : loaded 2 times (x 107B)
Class com.google.common.collect.Maps$EntryFunction$2                                  : loaded 2 times (x 91B)
Class com.google.common.primitives.IntsMethodsForWeb                                  : loaded 2 times (x 71B)
Class com.google.common.collect.Multimap                                              : loaded 2 times (x 70B)
Class org.gradle.internal.classpath.DefaultClassPath$ImmutableUniqueList              : loaded 2 times (x 199B)
Class org.gradle.api.internal.ClassPathRegistry                                       : loaded 2 times (x 70B)
Class org.apache.commons.io.IOUtils                                                   : loaded 2 times (x 71B)
Class com.google.common.reflect.TypeToken                                             : loaded 2 times (x 73B)
Class com.google.common.collect.NullnessCasts                                         : loaded 2 times (x 71B)
Class com.google.common.base.ExtraObjectsMethodsForWeb                                : loaded 2 times (x 71B)
Class com.google.common.collect.MapMakerInternalMap$Segment                           : loaded 2 times (x 142B)
Class com.google.common.io.ByteSink                                                   : loaded 2 times (x 76B)
Class com.google.common.cache.RemovalCause                                            : loaded 2 times (x 80B)
Class com.google.common.cache.CacheBuilder                                            : loaded 2 times (x 72B)
Class com.google.common.collect.SingletonImmutableList                                : loaded 2 times (x 207B)
Class org.gradle.internal.classpath.ClassPath                                         : loaded 2 times (x 70B)
Class com.google.common.io.Files$FileByteSource                                       : loaded 2 times (x 85B)
Class [Lcom.google.common.reflect.Types$JavaVersion;                                  : loaded 2 times (x 69B)
Class com.google.common.collect.Interners$InternerBuilder                             : loaded 2 times (x 76B)
Class com.google.common.base.JdkPattern                                               : loaded 2 times (x 75B)
Class com.google.common.collect.ImmutableList$ReverseImmutableList                    : loaded 2 times (x 209B)
Class com.google.common.io.CharStreams$NullWriter                                     : loaded 2 times (x 99B)
Class com.google.common.io.CharSource$CharSequenceCharSource                          : loaded 2 times (x 86B)
Class org.objectweb.asm.SymbolTable$Entry                                             : loaded 2 times (x 74B)
Class org.gradle.api.internal.classpath.DefaultModuleRegistry$DefaultModuleAlias      : loaded 2 times (x 80B)
Class org.objectweb.asm.Edge                                                          : loaded 2 times (x 72B)
Class com.google.common.base.Suppliers$SupplierOfInstance                             : loaded 2 times (x 79B)
Class com.google.common.collect.Iterators$1                                           : loaded 2 times (x 81B)
Class com.google.common.reflect.TypeToken$1                                           : loaded 2 times (x 110B)
Class com.google.common.cache.LocalCache$ComputingValueReference                      : loaded 2 times (x 96B)
Class com.google.common.collect.SingletonImmutableSet                                 : loaded 2 times (x 146B)
Class com.google.common.collect.ImmutableMap$IteratorBasedImmutableMap                : loaded 2 times (x 126B)
Class com.google.common.collect.AbstractMapBasedMultimap$AsMap$AsMapEntries           : loaded 2 times (x 138B)
Class com.google.common.reflect.TypeToken$2                                           : loaded 2 times (x 110B)
Class com.google.common.cache.LocalCache$Segment                                      : loaded 2 times (x 154B)
Class com.google.common.collect.SortedIterable                                        : loaded 2 times (x 70B)
Class com.google.common.collect.AbstractListMultimap                                  : loaded 2 times (x 172B)
Class [Lorg.objectweb.asm.SymbolTable$Entry;                                          : loaded 2 times (x 69B)
Class com.google.common.cache.CacheLoader                                             : loaded 2 times (x 74B)
Class com.google.common.collect.Iterators$4                                           : loaded 2 times (x 82B)
Class com.google.common.collect.ImmutableBiMap                                        : loaded 2 times (x 143B)
Class org.gradle.api.internal.classpath.ModuleRegistry                                : loaded 2 times (x 70B)
Class org.gradle.internal.installation.GradleInstallation$1                           : loaded 2 times (x 75B)
Class org.apache.commons.io.output.NullWriter                                         : loaded 2 times (x 99B)
Class com.google.common.base.Splitter$SplittingIterator                               : loaded 2 times (x 84B)
Class com.google.common.collect.ImmutableSet$JdkBackedSetBuilderImpl                  : loaded 2 times (x 76B)
Class com.google.common.util.concurrent.internal.InternalFutureFailureAccess          : loaded 2 times (x 72B)
Class com.google.common.collect.Iterators$5                                           : loaded 2 times (x 82B)
Class com.google.common.collect.ImmutableMultimap$Values                              : loaded 2 times (x 126B)
Class com.google.common.collect.HashBiMap$Inverse                                     : loaded 2 times (x 142B)
Class com.google.common.collect.Iterators$6                                           : loaded 2 times (x 81B)
Class com.google.common.cache.LocalCache$LocalManualCache$1                           : loaded 2 times (x 75B)
Class com.google.common.base.CharMatcher$ForPredicate                                 : loaded 2 times (x 112B)
Class com.google.common.collect.Multimaps$CustomSetMultimap                           : loaded 2 times (x 178B)
Class com.google.common.base.CharMatcher$AnyOf                                        : loaded 2 times (x 112B)
Class com.google.common.collect.ImmutableCollection                                   : loaded 2 times (x 125B)
Class org.gradle.api.internal.classpath.DefaultModuleRegistry                         : loaded 2 times (x 84B)
Class com.google.common.collect.Lists                                                 : loaded 2 times (x 71B)
Class com.google.common.util.concurrent.ListenableFuture                              : loaded 2 times (x 70B)
Class com.google.common.cache.ReferenceEntry                                          : loaded 2 times (x 70B)
Class com.google.common.base.Converter                                                : loaded 2 times (x 90B)
Class com.google.common.collect.ImmutableSet$CachingAsList                            : loaded 2 times (x 148B)
Class com.google.common.collect.AbstractMapBasedMultimap                              : loaded 2 times (x 139B)
Class com.google.common.util.concurrent.AbstractFuture                                : loaded 2 times (x 106B)
Class com.google.common.base.FunctionalEquivalence                                    : loaded 2 times (x 83B)
Class com.google.common.collect.Iterators$9                                           : loaded 2 times (x 81B)
Class com.google.common.collect.ImmutableAsList                                       : loaded 2 times (x 209B)
Class com.google.common.io.CharStreams                                                : loaded 2 times (x 71B)
Class com.google.common.collect.ImmutableMultiset                                     : loaded 2 times (x 163B)
Class com.google.common.reflect.TypeResolver$TypeTable                                : loaded 2 times (x 73B)
Class org.objectweb.asm.RecordComponentVisitor                                        : loaded 2 times (x 77B)
Class com.google.common.cache.CacheLoader$SupplierToCacheLoader                       : loaded 2 times (x 75B)
Class com.google.common.reflect.TypeResolver$TypeTable$1                              : loaded 2 times (x 73B)
Class com.google.common.collect.UsingToStringOrdering                                 : loaded 2 times (x 114B)
Class com.google.common.collect.Maps$EntryTransformer                                 : loaded 2 times (x 70B)
Class org.gradle.internal.service.ServiceLookupException                              : loaded 2 times (x 82B)
Class com.google.common.collect.ImmutableSortedSet                                    : loaded 2 times (x 300B)
Class com.google.common.collect.Lists$ReverseList                                     : loaded 2 times (x 200B)
Class [Lcom.google.common.cache.LocalCache$EntryFactory;                              : loaded 2 times (x 69B)
Class org.gradle.internal.classloader.ClassLoaderFactory                              : loaded 2 times (x 70B)
Class org.apache.commons.io.CloseableURLConnection                                    : loaded 2 times (x 116B)
Class com.google.common.base.CommonPattern                                            : loaded 2 times (x 74B)
Class com.google.common.cache.LocalCache$LocalManualCache                             : loaded 2 times (x 99B)
Class com.google.common.base.CharMatcher$IsNot                                        : loaded 2 times (x 111B)
Class org.gradle.internal.service.CachingServiceLocator                               : loaded 2 times (x 82B)
Class com.google.common.collect.RegularImmutableSortedSet                             : loaded 2 times (x 300B)
Class com.google.common.collect.AbstractMapBasedMultimap$KeySet                       : loaded 2 times (x 137B)
Class com.google.common.math.IntMath                                                  : loaded 2 times (x 71B)
Class com.google.common.reflect.Types$TypeVariableInvocationHandler                   : loaded 2 times (x 75B)
Class [Lcom.google.common.collect.HashBiMap$BiEntry;                                  : loaded 2 times (x 69B)
Class com.google.common.collect.MapMakerInternalMap$InternalEntry                     : loaded 2 times (x 70B)
Class com.google.common.collect.ImmutableMapEntry                                     : loaded 2 times (x 85B)
Class com.google.common.collect.ImmutableMultimap                                     : loaded 2 times (x 147B)
Class com.google.common.base.Predicates                                               : loaded 2 times (x 71B)
Class com.google.common.base.Equivalence                                              : loaded 2 times (x 82B)
Class com.google.common.base.Function                                                 : loaded 2 times (x 70B)
Class com.google.common.collect.ImmutableMapEntry$NonTerminalImmutableMapEntry        : loaded 2 times (x 85B)
Class ijJvmDebugger1_fhx7gh8v8ulno2lkcm78qve2$_run_closure1                           : loaded 2 times (x 139B)
Class org.apache.commons.io.output.AbstractByteArrayOutputStream                      : loaded 2 times (x 102B)
Class com.google.common.collect.IndexedImmutableSet$1                                 : loaded 2 times (x 213B)
Class com.google.common.cache.CacheBuilder$OneWeigher                                 : loaded 2 times (x 82B)
Class com.google.common.collect.RegularImmutableList                                  : loaded 2 times (x 213B)
Class com.google.common.reflect.Types$ClassOwnership$1LocalClass                      : loaded 2 times (x 71B)
Class com.google.common.collect.Maps$EntryFunction                                    : loaded 2 times (x 91B)
Class org.gradle.internal.classloader.ClasspathUtil                                   : loaded 2 times (x 71B)
Class com.google.common.collect.ComparisonChain                                       : loaded 2 times (x 80B)
Class com.google.common.util.concurrent.Uninterruptibles                              : loaded 2 times (x 71B)
Class com.google.common.io.CharSource                                                 : loaded 2 times (x 85B)
Class com.google.common.collect.AbstractMapBasedMultimap$WrappedSet                   : loaded 2 times (x 142B)
Class com.google.common.util.concurrent.LazyLogger                                    : loaded 2 times (x 72B)
Class com.google.common.collect.Maps                                                  : loaded 2 times (x 71B)
Class ijKotlinCoroutineJvmDebugInit1_zrkfuhyb25pcmzfm4bjo3jj6$_run_closure1           : loaded 2 times (x 139B)
Class org.gradle.api.specs.Spec                                                       : loaded 2 times (x 70B)
Class org.apache.commons.io.file.PathFilter                                           : loaded 2 times (x 70B)
Class com.google.common.reflect.Types$JavaVersion                                     : loaded 2 times (x 83B)
Class com.google.common.collect.MapMaker                                              : loaded 2 times (x 72B)
Class [Lcom.google.common.collect.ImmutableEntry;                                     : loaded 2 times (x 69B)
Class com.google.common.collect.Sets$3$1                                              : loaded 2 times (x 82B)
Class com.google.common.cache.LocalCache$LoadingValueReference                        : loaded 2 times (x 96B)
Class ijJvmDebugger1_fhx7gh8v8ulno2lkcm78qve2$_run_closure1$_closure2                 : loaded 2 times (x 140B)
Class com.google.common.io.LineReader$1                                               : loaded 2 times (x 75B)
Class com.google.common.collect.AbstractMapBasedMultimap$AsMap                        : loaded 2 times (x 128B)
Class com.google.common.reflect.Invokable$MethodInvokable                             : loaded 2 times (x 107B)
Class com.google.common.collect.CollectSpliterators                                   : loaded 2 times (x 71B)
Class com.google.common.collect.MapMakerInternalMap$StrongKeyDummyValueEntry          : loaded 2 times (x 82B)
Class com.google.common.base.Platform                                                 : loaded 2 times (x 71B)
Class com.google.common.collect.AbstractMapBasedMultimap$WrappedList                  : loaded 2 times (x 205B)
Class com.google.common.collect.CompoundOrdering                                      : loaded 2 times (x 115B)
Class [Lorg.objectweb.asm.AnnotationWriter;                                           : loaded 2 times (x 69B)
Class com.google.common.collect.Maps$8                                                : loaded 2 times (x 82B)
Class [Lcom.google.common.collect.Iterators$EmptyModifiableIterator;                  : loaded 2 times (x 69B)
Class com.google.common.base.Predicates$CompositionPredicate                          : loaded 2 times (x 88B)
Class com.google.common.collect.ImmutableRangeSet$Builder                             : loaded 2 times (x 77B)
Class com.google.common.collect.Lists$ReverseList$1                                   : loaded 2 times (x 99B)
Class com.google.common.collect.Sets$SetView                                          : loaded 2 times (x 138B)
Class com.google.common.cache.LocalCache$StrongValueReference                         : loaded 2 times (x 90B)
Class com.google.common.graph.SuccessorsFunction                                      : loaded 2 times (x 70B)
Class org.objectweb.asm.Type                                                          : loaded 2 times (x 72B)
Class org.gradle.internal.classloader.VisitableURLClassLoader$InstrumentingVisitableURLClassLoader: loaded 2 times (x 123B)
Class org.apache.commons.io.FileUtils                                                 : loaded 2 times (x 71B)
Class com.google.common.io.Files$FileByteSink                                         : loaded 2 times (x 77B)
Class com.google.common.collect.MapMakerInternalMap$StrongKeyDummyValueEntry$Helper   : loaded 2 times (x 79B)
Class com.google.common.math.IntMath$1                                                : loaded 2 times (x 71B)
Class org.objectweb.asm.ByteVector                                                    : loaded 2 times (x 79B)
Class [Lcom.google.common.cache.CacheBuilder$NullListener;                            : loaded 2 times (x 69B)
Class build_axd4z40u60vys374r5t6s3awq$_run_closure1$_closure3                         : loaded 2 times (x 139B)
Class org.gradle.internal.classloader.VisitableURLClassLoader$Spec                    : loaded 2 times (x 74B)
Class org.gradle.internal.classpath.DefaultClassPath                                  : loaded 2 times (x 90B)
Class com.google.common.reflect.Types$ClassOwnership                                  : loaded 2 times (x 80B)
Class com.google.common.base.AbstractIterator                                         : loaded 2 times (x 80B)
Class org.objectweb.asm.Symbol                                                        : loaded 2 times (x 73B)
Class com.google.common.io.Java8Compatibility                                         : loaded 2 times (x 71B)
Class com.google.common.collect.Sets$FilteredSet                                      : loaded 2 times (x 137B)
Class com.google.common.io.Closer                                                     : loaded 2 times (x 78B)
Class com.google.common.base.CharMatcher$BitSetMatcher                                : loaded 2 times (x 112B)
Class com.google.common.collect.ImmutableSet                                          : loaded 2 times (x 145B)
Class com.google.common.collect.RegularImmutableMap$Values                            : loaded 2 times (x 207B)
Class org.gradle.internal.classloader.ClassLoaderSpec                                 : loaded 2 times (x 71B)
Class com.google.common.io.ByteSource$EmptyByteSource                                 : loaded 2 times (x 85B)
Class org.objectweb.asm.AnnotationWriter                                              : loaded 2 times (x 79B)
Class com.google.common.cache.CacheStats                                              : loaded 2 times (x 71B)
Class com.google.common.collect.ImmutableMultisetGwtSerializationDependencies         : loaded 2 times (x 125B)
Class com.google.common.io.LineProcessor                                              : loaded 2 times (x 70B)
Class com.google.common.collect.Interners                                             : loaded 2 times (x 71B)
Class com.google.common.io.Closer$Suppressor                                          : loaded 2 times (x 70B)
Class org.objectweb.asm.RecordComponentWriter                                         : loaded 2 times (x 78B)
Class com.google.common.util.concurrent.AbstractFuture$Listener                       : loaded 2 times (x 72B)
Class com.google.common.base.CharMatcher$Or                                           : loaded 2 times (x 112B)
Class settings_7cd5uft6619q4qq65ymfzfywi                                              : loaded 2 times (x 171B)
Class org.gradle.api.internal.classpath.Module$ModuleAlias                            : loaded 2 times (x 70B)
Class com.google.common.collect.ForwardingSet                                         : loaded 2 times (x 151B)
Class org.objectweb.asm.Attribute                                                     : loaded 2 times (x 77B)
Class com.google.common.base.Supplier                                                 : loaded 2 times (x 70B)
Class org.gradle.internal.classloader.VisitableURLClassLoader                         : loaded 2 times (x 117B)
Class com.google.common.io.CharSource$AsByteSource                                    : loaded 2 times (x 85B)
Class com.google.common.collect.ImmutableList$SerializedForm                          : loaded 2 times (x 73B)
Class org.gradle.internal.Cast                                                        : loaded 2 times (x 71B)
Class org.gradle.api.Action                                                           : loaded 2 times (x 70B)
Class com.google.common.collect.HashBiMap                                             : loaded 2 times (x 143B)
Class com.google.common.collect.MapMakerInternalMap                                   : loaded 2 times (x 161B)
Class com.google.common.base.Strings                                                  : loaded 2 times (x 71B)
Class com.google.common.collect.Sets                                                  : loaded 2 times (x 71B)
Class org.objectweb.asm.Handler                                                       : loaded 2 times (x 72B)
Class com.google.common.base.Ticker                                                   : loaded 2 times (x 72B)
Class com.google.common.base.CharMatcher$FastMatcher                                  : loaded 2 times (x 111B)
Class com.google.common.cache.RemovalCause$1                                          : loaded 2 times (x 80B)
Class [Lcom.google.common.cache.LocalCache$Segment;                                   : loaded 2 times (x 69B)
Class [Lcom.google.common.cache.LocalCache$Strength;                                  : loaded 2 times (x 69B)
Class com.google.common.cache.CacheBuilder$1                                          : loaded 2 times (x 85B)
Class com.google.common.base.Predicate                                                : loaded 2 times (x 70B)
Class com.google.common.collect.ImmutableMap                                          : loaded 2 times (x 120B)
Class org.gradle.internal.classpath.DefaultClassPath$ImmutableUniqueList$Builder      : loaded 2 times (x 75B)
Class com.google.common.cache.RemovalCause$2                                          : loaded 2 times (x 80B)
Class com.google.common.collect.MapMakerInternalMap$WeakValueReference                : loaded 2 times (x 70B)
Class com.google.common.collect.AbstractRangeSet                                      : loaded 2 times (x 114B)
Class com.google.common.cache.LocalCache                                              : loaded 2 times (x 187B)
Class com.google.common.cache.CacheBuilder$2                                          : loaded 2 times (x 79B)
Class com.google.common.base.CharMatcher$NegatedFastMatcher                           : loaded 2 times (x 113B)
Class com.google.common.cache.RemovalCause$3                                          : loaded 2 times (x 80B)
Class com.google.common.collect.ArrayListMultimap                                     : loaded 2 times (x 172B)
Class com.google.common.cache.CacheBuilder$3                                          : loaded 2 times (x 72B)
Class [Lcom.google.common.collect.AbstractMapEntry;                                   : loaded 2 times (x 69B)
Class com.google.common.collect.ImmutableEntry                                        : loaded 2 times (x 82B)
Class org.gradle.api.GradleException                                                  : loaded 2 times (x 82B)
Class org.apache.commons.io.StandardLineSeparator                                     : loaded 2 times (x 79B)
Class com.google.common.io.CharSource$EmptyCharSource                                 : loaded 2 times (x 86B)
Class com.google.common.cache.RemovalCause$4                                          : loaded 2 times (x 80B)
Class com.google.common.base.Suppliers$MemoizingSupplier                              : loaded 2 times (x 79B)
Class com.google.common.collect.ForwardingMap                                         : loaded 2 times (x 132B)
Class com.google.common.collect.CollectPreconditions                                  : loaded 2 times (x 71B)
Class [Lcom.google.common.io.FileWriteMode;                                           : loaded 2 times (x 69B)
Class com.google.common.cache.RemovalCause$5                                          : loaded 2 times (x 80B)
Class com.google.common.collect.Maps$AbstractFilteredMap                              : loaded 2 times (x 127B)
Class [Lcom.google.common.collect.MapMakerInternalMap$Strength;                       : loaded 2 times (x 69B)
Class com.google.common.collect.SortedMapDifference                                   : loaded 2 times (x 70B)
Class com.google.common.cache.LocalCache$WriteThroughEntry                            : loaded 2 times (x 79B)
Class com.google.common.io.Files                                                      : loaded 2 times (x 71B)
Class com.google.common.cache.LocalCache$HashIterator                                 : loaded 2 times (x 86B)
Class com.google.common.collect.MapMakerInternalMap$StrongKeyDummyValueSegment        : loaded 2 times (x 142B)
Class com.google.common.collect.Iterables$4                                           : loaded 2 times (x 81B)
Class com.google.common.cache.LocalCache$EntryFactory                                 : loaded 2 times (x 83B)
Class com.google.common.reflect.Types$NativeTypeVariableEquals                        : loaded 2 times (x 71B)
Class com.google.common.reflect.TypeParameter                                         : loaded 2 times (x 72B)
Class com.google.common.collect.Iterables$5                                           : loaded 2 times (x 81B)
Class [Lcom.google.common.collect.MapMaker$Dummy;                                     : loaded 2 times (x 69B)
Class com.google.common.collect.NullsLastOrdering                                     : loaded 2 times (x 115B)
Class com.google.common.base.CharMatcher$Whitespace                                   : loaded 2 times (x 112B)
Class com.google.common.cache.LocalCache$AbstractReferenceEntry                       : loaded 2 times (x 107B)
Class org.gradle.internal.IoActions                                                   : loaded 2 times (x 71B)
Class com.google.common.collect.ImmutableMapKeySet                                    : loaded 2 times (x 152B)
Class com.google.common.collect.ImmutableRangeSet$ComplementRanges                    : loaded 2 times (x 207B)
Class org.objectweb.asm.SymbolTable                                                   : loaded 2 times (x 72B)
Class com.google.common.cache.CacheLoader$InvalidCacheLoadException                   : loaded 2 times (x 82B)
Class com.google.common.collect.ImmutableSet$RegularSetBuilderImpl                    : loaded 2 times (x 77B)
Class com.google.common.collect.FluentIterable                                        : loaded 2 times (x 81B)
Class com.google.common.cache.LocalCache$StrongEntry                                  : loaded 2 times (x 108B)
Class com.google.common.util.concurrent.AbstractFuture$TrustedFuture                  : loaded 2 times (x 114B)
Class com.google.common.cache.LoadingCache                                            : loaded 2 times (x 70B)
Class com.google.common.io.ByteStreams$LimitedInputStream                             : loaded 2 times (x 92B)
Class com.google.common.base.Suppliers$NonSerializableMemoizingSupplier               : loaded 2 times (x 79B)
Class org.objectweb.asm.MethodWriter                                                  : loaded 2 times (x 106B)
Class [Lcom.google.common.cache.Weigher;                                              : loaded 2 times (x 69B)
Class com.google.common.collect.RegularImmutableMap$BucketOverflowException           : loaded 2 times (x 82B)
Class com.google.common.collect.ImmutableMultimap$1                                   : loaded 2 times (x 82B)
Class com.google.common.collect.AbstractMapBasedMultimap$RandomAccessWrappedList      : loaded 2 times (x 205B)
Class com.google.common.collect.ImmutableMultimap$2                                   : loaded 2 times (x 81B)
Class com.google.common.reflect.Types$JavaVersion$1                                   : loaded 2 times (x 83B)
Class com.google.common.collect.AbstractIterator$State                                : loaded 2 times (x 79B)
Class com.google.common.cache.LocalCache$ValueReference                               : loaded 2 times (x 70B)
Class com.google.common.base.CharMatcher$Is                                           : loaded 2 times (x 111B)
Class com.google.common.base.CharMatcher$Negated                                      : loaded 2 times (x 113B)
Class com.google.common.collect.RegularImmutableBiMap                                 : loaded 2 times (x 149B)
Class com.google.common.reflect.Types$JavaVersion$2                                   : loaded 2 times (x 83B)
Class com.google.common.reflect.Types                                                 : loaded 2 times (x 71B)
Class com.google.common.hash.PrimitiveSink                                            : loaded 2 times (x 70B)
Class com.google.common.base.PatternCompiler                                          : loaded 2 times (x 70B)
Class com.google.common.util.concurrent.AbstractFuture$Failure                        : loaded 2 times (x 72B)
Class com.google.common.base.Equivalence$Equals                                       : loaded 2 times (x 82B)
Class com.google.common.collect.Hashing                                               : loaded 2 times (x 71B)
Class com.google.common.base.Preconditions                                            : loaded 2 times (x 71B)
Class [Lorg.apache.commons.io.file.DeleteOption;                                      : loaded 2 times (x 69B)
Class com.google.common.collect.ImmutableSetMultimap                                  : loaded 2 times (x 180B)
Class com.google.common.io.CharSink                                                   : loaded 2 times (x 79B)
Class com.google.common.reflect.Types$JavaVersion$3                                   : loaded 2 times (x 83B)
Class com.google.common.collect.ByFunctionOrdering                                    : loaded 2 times (x 115B)
Class com.google.common.base.Joiner$1                                                 : loaded 2 times (x 80B)
Class org.objectweb.asm.Label                                                         : loaded 2 times (x 73B)
Class org.objectweb.asm.CurrentFrame                                                  : loaded 2 times (x 73B)
Class org.objectweb.asm.ClassTooLargeException                                        : loaded 2 times (x 83B)
Class com.google.common.base.CharMatcher                                              : loaded 2 times (x 111B)
Class com.google.common.collect.PeekingIterator                                       : loaded 2 times (x 70B)
Class build_axd4z40u60vys374r5t6s3awq$_run_closure1                                   : loaded 2 times (x 139B)
Class com.google.common.io.ByteSource$AsCharSource                                    : loaded 2 times (x 86B)
Class com.google.common.reflect.Types$JavaVersion$4                                   : loaded 2 times (x 83B)
Class com.google.common.collect.Maps$IteratorBasedAbstractMap                         : loaded 2 times (x 125B)
Class com.google.common.collect.Table                                                 : loaded 2 times (x 70B)
Class com.google.common.collect.MapMakerInternalMap$InternalEntryHelper               : loaded 2 times (x 70B)
Class com.google.common.collect.RangeGwtSerializationDependencies                     : loaded 2 times (x 71B)
Class com.google.common.base.Joiner$2                                                 : loaded 2 times (x 79B)
Class org.objectweb.asm.Frame                                                         : loaded 2 times (x 73B)
Class org.objectweb.asm.MethodVisitor                                                 : loaded 2 times (x 105B)
Class com.google.common.cache.LocalCache$EntryFactory$1                               : loaded 2 times (x 83B)
Class [Lcom.google.common.cache.RemovalListener;                                      : loaded 2 times (x 69B)
Class com.google.common.base.CharMatcher$1                                            : loaded 2 times (x 113B)
Class com.google.common.base.CharMatcher$NamedFastMatcher                             : loaded 2 times (x 112B)
Class com.google.common.reflect.Types$JavaVersion$5                                   : loaded 2 times (x 71B)
Class [Lcom.google.common.reflect.Types$ClassOwnership;                               : loaded 2 times (x 69B)
Class com.google.common.collect.RangeSet                                              : loaded 2 times (x 70B)
Class com.google.common.cache.LocalCache$EntryFactory$2                               : loaded 2 times (x 83B)
Class com.google.common.collect.Multimaps                                             : loaded 2 times (x 71B)
Class com.google.common.collect.CollectCollectors                                     : loaded 2 times (x 71B)
Class org.objectweb.asm.ModuleWriter                                                  : loaded 2 times (x 82B)
Class com.google.common.cache.LocalCache$EntryFactory$3                               : loaded 2 times (x 83B)
Class com.google.common.base.Ticker$1                                                 : loaded 2 times (x 72B)
Class com.google.common.collect.Maps$BiMapConverter                                   : loaded 2 times (x 90B)
Class com.google.common.collect.ImmutableMapEntrySet$RegularEntrySet                  : loaded 2 times (x 152B)
Class com.google.common.collect.CollectSpliterators$1                                 : loaded 2 times (x 90B)
Class com.google.common.collect.SetMultimap                                           : loaded 2 times (x 70B)
Class com.google.common.collect.ImmutableSet$Builder                                  : loaded 2 times (x 85B)
Class com.google.common.cache.LocalCache$EntryFactory$4                               : loaded 2 times (x 83B)
Class com.google.common.base.CharMatcher$InRange                                      : loaded 2 times (x 111B)
Class com.google.common.io.ByteStreams$1                                              : loaded 2 times (x 85B)
Class com.google.common.collect.ReverseOrdering                                       : loaded 2 times (x 115B)
Class com.google.common.cache.LocalCache$EntryFactory$5                               : loaded 2 times (x 83B)
Class org.apache.commons.io.output.AppendableWriter                                   : loaded 2 times (x 100B)
Class com.google.common.collect.HashMultimap                                          : loaded 2 times (x 174B)
Class com.google.common.cache.LocalCache$EntryFactory$6                               : loaded 2 times (x 83B)
Class org.gradle.internal.installation.CurrentGradleInstallationLocator               : loaded 2 times (x 71B)
Class org.apache.commons.io.output.ThresholdingOutputStream                           : loaded 2 times (x 95B)
Class com.google.common.collect.ImmutableMultimap$Builder                             : loaded 2 times (x 86B)
Class com.google.common.io.ByteSource$SlicedByteSource                                : loaded 2 times (x 85B)
Class com.google.common.collect.Maps$KeySet                                           : loaded 2 times (x 137B)
Class com.google.common.collect.ImmutableSet$EmptySetBuilderImpl                      : loaded 2 times (x 76B)
Class com.google.common.cache.LocalCache$EntryFactory$7                               : loaded 2 times (x 83B)
Class com.google.common.collect.ImmutableList                                         : loaded 2 times (x 206B)
Class build_axd4z40u60vys374r5t6s3awq                                                 : loaded 2 times (x 172B)
Class org.gradle.internal.service.DefaultServiceLocator                               : loaded 2 times (x 83B)
Class com.google.common.collect.ImmutableMultimap$EntryCollection                     : loaded 2 times (x 128B)
Class com.google.common.collect.Maps$EntrySet                                         : loaded 2 times (x 136B)
Class com.google.common.collect.ComparisonChain$InactiveComparisonChain               : loaded 2 times (x 80B)
Class com.google.common.cache.LocalCache$EntryFactory$8                               : loaded 2 times (x 83B)
Class com.google.common.collect.ImmutableSet$SetBuilderImpl                           : loaded 2 times (x 76B)
Class org.gradle.internal.installation.CurrentGradleInstallation                      : loaded 2 times (x 73B)
Class com.google.common.cache.CacheLoader$1                                           : loaded 2 times (x 75B)
Class com.google.common.collect.ForwardingObject                                      : loaded 2 times (x 72B)
Class com.google.common.collect.ImmutableList$SubList                                 : loaded 2 times (x 209B)
Class org.gradle.util.internal.GUtil                                                  : loaded 2 times (x 71B)
Class com.google.common.io.ByteSource                                                 : loaded 2 times (x 84B)
Class com.google.common.cache.AbstractCache$StatsCounter                              : loaded 2 times (x 70B)
Class ijKotlinCoroutineJvmDebugInit1_zrkfuhyb25pcmzfm4bjo3jj6$_run_closure1$_closure2 : loaded 2 times (x 139B)
Class com.google.common.io.LineBuffer                                                 : loaded 2 times (x 75B)
Class com.google.common.reflect.Types$TypeVariableImpl                                : loaded 2 times (x 72B)
Class com.google.common.collect.MapMakerInternalMap$1                                 : loaded 2 times (x 83B)
Class com.google.common.collect.Iterators$MergingIterator                             : loaded 2 times (x 81B)
Class com.google.common.collect.RegularImmutableSet                                   : loaded 2 times (x 149B)
Class org.gradle.internal.installation.GradleInstallation                             : loaded 2 times (x 75B)
Class build_chbxzlcf7nznu3kj3tqvxucls                                                 : loaded 2 times (x 172B)
Class com.google.common.collect.ForwardingCollection                                  : loaded 2 times (x 130B)
Class com.google.common.collect.LexicographicalOrdering                               : loaded 2 times (x 115B)
Class com.google.common.base.Splitter$Strategy                                        : loaded 2 times (x 70B)
Class com.google.common.collect.Iterables                                             : loaded 2 times (x 71B)
Class com.google.common.collect.Lists$RandomAccessReverseList                         : loaded 2 times (x 200B)

---------------  S Y S T E M  ---------------

OS:
 Windows 11 , 64 bit Build 22621 (10.0.22621.6931)
OS uptime: 9 days 5:15 hours
Hyper-V role detected

CPU: total 8 (initial active 8) (4 cores per cpu, 2 threads per core) family 6 model 142 stepping 12 microcode 0x100, cx8, cmov, fxsr, ht, mmx, 3dnowpref, sse, sse2, sse3, ssse3, sse4.1, sse4.2, popcnt, lzcnt, tsc, tscinvbit, avx, avx2, aes, erms, clmul, bmi1, bmi2, adx, fma, vzeroupper, clflush, clflushopt, hv, rdtscp, f16c
Processor Information for the first 8 processors :
  Max Mhz: 1992, Current Mhz: 796, Mhz Limit: 796

Memory: 4k page, system-wide physical 16131M (534M free)
TotalPageFile size 28131M (AvailPageFile size 6M)
current process WorkingSet (physical memory assigned to process): 997M, peak: 1019M
current process commit charge ("private bytes"): 1115M, peak: 1126M

vm_info: OpenJDK 64-Bit Server VM (21.0.10+-14961533-b1163.108) for windows-amd64 JRE (21.0.10+-14961533-b1163.108), built on 2026-03-02T19:58:50Z by "builder" with MS VC++ 16.10 / 16.11 (VS2019)

END.
