#
# There is insufficient memory for the Java Runtime Environment to continue.
# Native memory allocation (malloc) failed to allocate 32744 bytes. Error detail: Chunk::new
# Possible reasons:
#   The system is out of physical RAM or swap space
#   This process is running with CompressedOops enabled, and the Java Heap may be blocking the growth of the native heap
# Possible solutions:
#   Reduce memory load on the system
#   Increase physical memory or swap space
#   Check if swap backing store is full
#   Decrease Java heap size (-Xmx/-Xms)
#   Decrease number of Java threads
#   Decrease Java thread stack sizes (-Xss)
#   Set larger code cache with -XX:ReservedCodeCacheSize=
#   JVM is running with Unscaled Compressed Oops mode in which the Java heap is
#     placed in the first 4GB address space. The Java Heap base address is the
#     maximum limit for the native heap growth. Please use -XX:HeapBaseMinAddress
#     to set the Java Heap base and to place the Java Heap above 4GB virtual address.
# This output file may be truncated or incomplete.
#
#  Out of Memory Error (arena.cpp:168), pid=24356, tid=8836
#
# JRE version: OpenJDK Runtime Environment (21.0.10) (build 21.0.10+-14961533-b1163.108)
# Java VM: OpenJDK 64-Bit Server VM (21.0.10+-14961533-b1163.108, mixed mode, tiered, compressed oops, compressed class ptrs, g1 gc, windows-amd64)
# No core dump will be written. Minidumps are not enabled by default on client versions of Windows
#

---------------  S U M M A R Y ------------

Command Line: --add-opens=java.base/java.lang=ALL-UNNAMED --add-opens=java.base/java.lang.invoke=ALL-UNNAMED --add-opens=java.base/java.util=ALL-UNNAMED --add-opens=java.prefs/java.util.prefs=ALL-UNNAMED --add-exports=jdk.compiler/com.sun.tools.javac.api=ALL-UNNAMED --add-exports=jdk.compiler/com.sun.tools.javac.util=ALL-UNNAMED --add-opens=java.base/java.util=ALL-UNNAMED --add-opens=java.prefs/java.util.prefs=ALL-UNNAMED --add-opens=java.base/java.nio.charset=ALL-UNNAMED --add-opens=java.base/java.net=ALL-UNNAMED --add-opens=java.base/java.util.concurrent=ALL-UNNAMED --add-opens=java.base/java.util.concurrent.atomic=ALL-UNNAMED --add-opens=java.xml/javax.xml.namespace=ALL-UNNAMED --add-opens=java.base/java.time=ALL-UNNAMED -Xmx1536m -Dfile.encoding=UTF-8 -Duser.country=PL -Duser.language=pl -Duser.variant -javaagent:C:\Users\poplawt\.gradle\wrapper\dists\gradle-9.4.1-bin\arn2x92ynaizyzdaamcbpbhtj\gradle-9.4.1\lib\agents\gradle-instrumentation-agent-9.4.1.jar -agentpath:C:\Program Files\SentinelOne\Sentinel Agent 25.1.3.334\SentinelJava64.dll=extendedCapabilities org.gradle.launcher.daemon.bootstrap.GradleDaemon 9.4.1

Host: Intel(R) Core(TM) i7-8565U CPU @ 1.80GHz, 8 cores, 15G,  Windows 11 , 64 bit Build 22621 (10.0.22621.6931)
Time: Mon Apr 27 19:00:50 2026 elapsed time: 58.667670 seconds (0d 0h 0m 58s)

---------------  T H R E A D  ---------------

Current thread (0x00000227247f06a0):  JavaThread "C2 CompilerThread1" daemon [_thread_in_native, id=8836, stack(0x000000eae7900000,0x000000eae7a00000) (1024K)]


Current CompileTask:
C2:58667 16394       4       com.sun.tools.javac.comp.Resolve::findMethod (549 bytes)

Stack: [0x000000eae7900000,0x000000eae7a00000]
Native frames: (J=compiled Java code, j=interpreted, Vv=VM code, C=native code)
V  [jvm.dll+0x6d78a9]
V  [jvm.dll+0x8665b3]
V  [jvm.dll+0x868bde]
V  [jvm.dll+0x8692c3]
V  [jvm.dll+0x280ee6]
V  [jvm.dll+0xc07cd]
V  [jvm.dll+0xc0d03]
V  [jvm.dll+0x7212f8]
V  [jvm.dll+0x1dfd9d]
V  [jvm.dll+0x249d24]
V  [jvm.dll+0x2491a1]
V  [jvm.dll+0x1c76e4]
V  [jvm.dll+0x25891e]
V  [jvm.dll+0x256e66]
V  [jvm.dll+0x3f513e]
V  [jvm.dll+0x80fd28]
V  [jvm.dll+0x6d60fd]
C  [ucrtbase.dll+0x29333]
C  [KERNEL32.DLL+0x1259d]
C  [ntdll.dll+0x5afb8]


---------------  P R O C E S S  ---------------

Threads class SMR info:
_java_thread_list=0x0000022728c48340, length=59, elements={
0x0000022702bcb040, 0x000002271c319e30, 0x000002271c2f4350, 0x000002271c324800,
0x000002271c3411c0, 0x000002271c351aa0, 0x000002271c352500, 0x000002271c356460,
0x000002271c3571f0, 0x000002271c3384a0, 0x000002271c77fb60, 0x0000022721a58da0,
0x000002272386b2a0, 0x0000022721d83d50, 0x0000022723a10920, 0x0000022722973f20,
0x00000227237be700, 0x00000227224af9f0, 0x000002272480b270, 0x00000227248091a0,
0x0000022724808480, 0x0000022724809830, 0x000002272480abe0, 0x000002272480a550,
0x000002272475acf0, 0x0000022724759940, 0x000002272475b380, 0x0000022724759fd0,
0x000002272475ba10, 0x000002272475c730, 0x000002272475f520, 0x0000022724758590,
0x000002272475fbb0, 0x0000022724758c20, 0x00000227281e7760, 0x00000227281e70d0,
0x00000227281e8480, 0x00000227281e5d20, 0x00000227281e63b0, 0x0000022725182420,
0x00000227251837d0, 0x0000022725181700, 0x00000227251844f0, 0x0000022725183e60,
0x0000022725181d90, 0x0000022725186c50, 0x0000022725185210, 0x0000022728b29700,
0x0000022728b2a420, 0x0000022728b2b7d0, 0x0000022728b2c4f0, 0x00000227218932c0,
0x000002272188ea90, 0x0000022721895390, 0x00000227218960b0, 0x000002272188f120,
0x0000022721894670, 0x0000022724a412a0, 0x00000227247f06a0
}

Java Threads: ( => current thread )
  0x0000022702bcb040 JavaThread "main"                              [_thread_blocked, id=22172, stack(0x000000eae7b00000,0x000000eae7c00000) (1024K)]
  0x000002271c319e30 JavaThread "Common-Cleaner"             daemon [_thread_blocked, id=21124, stack(0x000000eae8300000,0x000000eae8400000) (1024K)]
  0x000002271c2f4350 JavaThread "Reference Handler"          daemon [_thread_blocked, id=25608, stack(0x000000eae8400000,0x000000eae8500000) (1024K)]
  0x000002271c324800 JavaThread "Finalizer"                  daemon [_thread_blocked, id=2440, stack(0x000000eae8500000,0x000000eae8600000) (1024K)]
  0x000002271c3411c0 JavaThread "Signal Dispatcher"          daemon [_thread_blocked, id=4140, stack(0x000000eae8600000,0x000000eae8700000) (1024K)]
  0x000002271c351aa0 JavaThread "Attach Listener"            daemon [_thread_blocked, id=6264, stack(0x000000eae8700000,0x000000eae8800000) (1024K)]
  0x000002271c352500 JavaThread "Service Thread"             daemon [_thread_blocked, id=26180, stack(0x000000eae8800000,0x000000eae8900000) (1024K)]
  0x000002271c356460 JavaThread "Monitor Deflation Thread"   daemon [_thread_blocked, id=22372, stack(0x000000eae8900000,0x000000eae8a00000) (1024K)]
  0x000002271c3571f0 JavaThread "C2 CompilerThread0"         daemon [_thread_in_native, id=18900, stack(0x000000eae8a00000,0x000000eae8b00000) (1024K)]
  0x000002271c3384a0 JavaThread "C1 CompilerThread0"         daemon [_thread_blocked, id=24248, stack(0x000000eae8b00000,0x000000eae8c00000) (1024K)]
  0x000002271c77fb60 JavaThread "Notification Thread"        daemon [_thread_blocked, id=10836, stack(0x000000eae8c00000,0x000000eae8d00000) (1024K)]
  0x0000022721a58da0 JavaThread "Daemon health stats"               [_thread_blocked, id=4680, stack(0x000000eae8e00000,0x000000eae8f00000) (1024K)]
  0x000002272386b2a0 JavaThread "Incoming local TCP Connector on port 49614"        [_thread_in_native, id=2484, stack(0x000000eae9400000,0x000000eae9500000) (1024K)]
  0x0000022721d83d50 JavaThread "Daemon periodic checks"            [_thread_blocked, id=18988, stack(0x000000eae9500000,0x000000eae9600000) (1024K)]
  0x0000022723a10920 JavaThread "Daemon"                            [_thread_blocked, id=14808, stack(0x000000eae9600000,0x000000eae9700000) (1024K)]
  0x0000022722973f20 JavaThread "Handler for socket connection from /127.0.0.1:49614 to /127.0.0.1:49615"        [_thread_in_native, id=23112, stack(0x000000eae9700000,0x000000eae9800000) (1024K)]
  0x00000227237be700 JavaThread "Cancel handler"                    [_thread_blocked, id=24800, stack(0x000000eae9b00000,0x000000eae9c00000) (1024K)]
  0x00000227224af9f0 JavaThread "Daemon worker"                     [_thread_blocked, id=17432, stack(0x000000eae9c00000,0x000000eae9d00000) (1024K)]
  0x000002272480b270 JavaThread "Asynchronous log dispatcher for DefaultDaemonConnection: socket connection from /127.0.0.1:49614 to /127.0.0.1:49615"        [_thread_blocked, id=18444, stack(0x000000eae9d00000,0x000000eae9e00000) (1024K)]
  0x00000227248091a0 JavaThread "Stdin handler"                     [_thread_blocked, id=19932, stack(0x000000eae9e00000,0x000000eae9f00000) (1024K)]
  0x0000022724808480 JavaThread "Daemon client event forwarder"        [_thread_blocked, id=21492, stack(0x000000eae9f00000,0x000000eaea000000) (1024K)]
  0x0000022724809830 JavaThread "Cache worker for journal cache (C:\Users\poplawt\.gradle\caches\journal-1)"        [_thread_blocked, id=4768, stack(0x000000eaea000000,0x000000eaea100000) (1024K)]
  0x000002272480abe0 JavaThread "File lock request listener"        [_thread_in_native, id=25012, stack(0x000000eaea100000,0x000000eaea200000) (1024K)]
  0x000002272480a550 JavaThread "Cache worker for file hash cache (C:\Users\poplawt\.gradle\caches\9.4.1\fileHashes)"        [_thread_blocked, id=24184, stack(0x000000eaea200000,0x000000eaea300000) (1024K)]
  0x000002272475acf0 JavaThread "Cache worker for file hash cache (D:\Downloads\hackerskeyboard-master\.gradle\9.4.1\fileHashes)"        [_thread_blocked, id=14620, stack(0x000000eaea400000,0x000000eaea500000) (1024K)]
  0x0000022724759940 JavaThread "Cache worker for Build Output Cleanup Cache (D:\Downloads\hackerskeyboard-master\.gradle\buildOutputCleanup)"        [_thread_blocked, id=24168, stack(0x000000eaea500000,0x000000eaea600000) (1024K)]
  0x000002272475b380 JavaThread "File watcher server"        daemon [_thread_in_native, id=25200, stack(0x000000eaea300000,0x000000eaea400000) (1024K)]
  0x0000022724759fd0 JavaThread "File watcher consumer"      daemon [_thread_blocked, id=21236, stack(0x000000eae8d00000,0x000000eae8e00000) (1024K)]
  0x000002272475ba10 JavaThread "Cache worker for file content cache (C:\Users\poplawt\.gradle\caches\9.4.1\fileContent)"        [_thread_blocked, id=12220, stack(0x000000eaea600000,0x000000eaea700000) (1024K)]
  0x000002272475c730 JavaThread "Cache worker for checksums cache (D:\Downloads\hackerskeyboard-master\.gradle\9.4.1\checksums)"        [_thread_blocked, id=17160, stack(0x000000eaea700000,0x000000eaea800000) (1024K)]
  0x000002272475f520 JavaThread "Cache worker for cache directory md-supplier (C:\Users\poplawt\.gradle\caches\9.4.1\md-supplier)"        [_thread_blocked, id=22580, stack(0x000000eaea800000,0x000000eaea900000) (1024K)]
  0x0000022724758590 JavaThread "Cache worker for cache directory md-rule (C:\Users\poplawt\.gradle\caches\9.4.1\md-rule)"        [_thread_blocked, id=23720, stack(0x000000eaea900000,0x000000eaeaa00000) (1024K)]
  0x000002272475fbb0 JavaThread "jar transforms"                    [_thread_blocked, id=10008, stack(0x000000eaeac00000,0x000000eaead00000) (1024K)]
  0x0000022724758c20 JavaThread "jar transforms Thread 2"           [_thread_blocked, id=4112, stack(0x000000eaead00000,0x000000eaeae00000) (1024K)]
  0x00000227281e7760 JavaThread "jar transforms Thread 3"           [_thread_blocked, id=21252, stack(0x000000eaeae00000,0x000000eaeaf00000) (1024K)]
  0x00000227281e70d0 JavaThread "Build operations"                  [_thread_blocked, id=22556, stack(0x000000eaeaf00000,0x000000eaeb000000) (1024K)]
  0x00000227281e8480 JavaThread "Build operations Thread 2"         [_thread_blocked, id=20832, stack(0x000000eaeb000000,0x000000eaeb100000) (1024K)]
  0x00000227281e5d20 JavaThread "Build operations Thread 3"         [_thread_blocked, id=12328, stack(0x000000eaeb100000,0x000000eaeb200000) (1024K)]
  0x00000227281e63b0 JavaThread "Build operations Thread 4"         [_thread_blocked, id=22400, stack(0x000000eaeb200000,0x000000eaeb300000) (1024K)]
  0x0000022725182420 JavaThread "Build operations Thread 5"         [_thread_blocked, id=23656, stack(0x000000eaeb300000,0x000000eaeb400000) (1024K)]
  0x00000227251837d0 JavaThread "Build operations Thread 6"         [_thread_blocked, id=19340, stack(0x000000eaeb400000,0x000000eaeb500000) (1024K)]
  0x0000022725181700 JavaThread "Build operations Thread 7"         [_thread_blocked, id=16752, stack(0x000000eaeb500000,0x000000eaeb600000) (1024K)]
  0x00000227251844f0 JavaThread "Build operations Thread 8"         [_thread_blocked, id=23444, stack(0x000000eaeb600000,0x000000eaeb700000) (1024K)]
  0x0000022725183e60 JavaThread "jar transforms Thread 4"           [_thread_blocked, id=25028, stack(0x000000eaeb700000,0x000000eaeb800000) (1024K)]
  0x0000022725181d90 JavaThread "jar transforms Thread 5"           [_thread_blocked, id=16344, stack(0x000000eaeb800000,0x000000eaeb900000) (1024K)]
  0x0000022725186c50 JavaThread "Memory manager"                    [_thread_blocked, id=14776, stack(0x000000eaeab00000,0x000000eaeac00000) (1024K)]
  0x0000022725185210 JavaThread "build event listener"              [_thread_blocked, id=25696, stack(0x000000eaeb900000,0x000000eaeba00000) (1024K)]
  0x0000022728b29700 JavaThread "jar transforms Thread 6"           [_thread_blocked, id=2476, stack(0x000000eae7800000,0x000000eae7900000) (1024K)]
  0x0000022728b2a420 JavaThread "included builds"                   [_thread_blocked, id=9328, stack(0x000000eaeaa00000,0x000000eaeab00000) (1024K)]
  0x0000022728b2b7d0 JavaThread "Execution worker"                  [_thread_in_Java, id=21452, stack(0x000000eaeba00000,0x000000eaebb00000) (1024K)]
  0x0000022728b2c4f0 JavaThread "Execution worker Thread 2"         [_thread_blocked, id=23232, stack(0x000000eaebb00000,0x000000eaebc00000) (1024K)]
  0x00000227218932c0 JavaThread "Execution worker Thread 3"         [_thread_blocked, id=3768, stack(0x000000eaebc00000,0x000000eaebd00000) (1024K)]
  0x000002272188ea90 JavaThread "Execution worker Thread 4"         [_thread_blocked, id=25580, stack(0x000000eaebd00000,0x000000eaebe00000) (1024K)]
  0x0000022721895390 JavaThread "Execution worker Thread 5"         [_thread_blocked, id=18236, stack(0x000000eaebe00000,0x000000eaebf00000) (1024K)]
  0x00000227218960b0 JavaThread "Execution worker Thread 6"         [_thread_blocked, id=19688, stack(0x000000eaebf00000,0x000000eaec000000) (1024K)]
  0x000002272188f120 JavaThread "Execution worker Thread 7"         [_thread_blocked, id=21168, stack(0x000000eaec000000,0x000000eaec100000) (1024K)]
  0x0000022721894670 JavaThread "Cache worker for execution history cache (D:\Downloads\hackerskeyboard-master\.gradle\9.4.1\executionHistory)"        [_thread_blocked, id=23884, stack(0x000000eaec100000,0x000000eaec200000) (1024K)]
  0x0000022724a412a0 JavaThread "Cache worker for Java compile cache (C:\Users\poplawt\.gradle\caches\9.4.1\javaCompile)"        [_thread_blocked, id=13228, stack(0x000000eaec200000,0x000000eaec300000) (1024K)]
=>0x00000227247f06a0 JavaThread "C2 CompilerThread1"         daemon [_thread_in_native, id=8836, stack(0x000000eae7900000,0x000000eae7a00000) (1024K)]
Total: 59

Other Threads:
  0x000002271c2a7230 VMThread "VM Thread"                           [id=11532, stack(0x000000eae8200000,0x000000eae8300000) (1024K)]
  0x000002271c251270 WatcherThread "VM Periodic Task Thread"        [id=22316, stack(0x000000eae8100000,0x000000eae8200000) (1024K)]
  0x0000022719768090 WorkerThread "GC Thread#0"                     [id=25244, stack(0x000000eae7c00000,0x000000eae7d00000) (1024K)]
  0x0000022721ac6380 WorkerThread "GC Thread#1"                     [id=15036, stack(0x000000eae8f00000,0x000000eae9000000) (1024K)]
  0x0000022721ac6730 WorkerThread "GC Thread#2"                     [id=20136, stack(0x000000eae9000000,0x000000eae9100000) (1024K)]
  0x0000022721ac6ae0 WorkerThread "GC Thread#3"                     [id=24896, stack(0x000000eae9100000,0x000000eae9200000) (1024K)]
  0x000002272134ba80 WorkerThread "GC Thread#4"                     [id=22760, stack(0x000000eae9200000,0x000000eae9300000) (1024K)]
  0x000002272134be30 WorkerThread "GC Thread#5"                     [id=12828, stack(0x000000eae9300000,0x000000eae9400000) (1024K)]
  0x0000022722978ea0 WorkerThread "GC Thread#6"                     [id=2620, stack(0x000000eae9800000,0x000000eae9900000) (1024K)]
  0x0000022722979250 WorkerThread "GC Thread#7"                     [id=4652, stack(0x000000eae9900000,0x000000eae9a00000) (1024K)]
  0x000002270557c2c0 ConcurrentGCThread "G1 Main Marker"            [id=19280, stack(0x000000eae7d00000,0x000000eae7e00000) (1024K)]
  0x000002270557e780 WorkerThread "G1 Conc#0"                       [id=19256, stack(0x000000eae7e00000,0x000000eae7f00000) (1024K)]
  0x0000022724664b90 WorkerThread "G1 Conc#1"                       [id=24664, stack(0x000000eae9a00000,0x000000eae9b00000) (1024K)]
  0x0000022719887590 ConcurrentGCThread "G1 Refine#0"               [id=14892, stack(0x000000eae7f00000,0x000000eae8000000) (1024K)]
  0x0000022719888380 ConcurrentGCThread "G1 Service"                [id=17284, stack(0x000000eae8000000,0x000000eae8100000) (1024K)]
Total: 15

Threads with active compile tasks:
C2 CompilerThread0  58880 16539       4       com.sun.tools.javac.code.Types::capture (556 bytes)
C2 CompilerThread1  58880 16394       4       com.sun.tools.javac.comp.Resolve::findMethod (549 bytes)
Total: 2

VM state: not at safepoint (normal execution)

VM Mutex/Monitor currently owned by a thread: None

Heap address: 0x00000000a0000000, size: 1536 MB, Compressed Oops mode: 32-bit

CDS archive(s) not mapped
Compressed class space mapped at: 0x0000000100000000-0x0000000140000000, reserved size: 1073741824
Narrow klass base: 0x0000000000000000, Narrow klass shift: 3, Narrow klass range: 0x140000000

GC Precious Log:
 CardTable entry size: 512
 Card Set container configuration: InlinePtr #cards 5 size 8 Array Of Cards #cards 12 size 40 Howl #buckets 4 coarsen threshold 1843 Howl Bitmap #cards 512 size 80 coarsen threshold 460 Card regions per heap region 1 cards per card region 2048
 CPUs: 8 total, 8 available
 Memory: 16131M
 Large Page Support: Disabled
 NUMA Support: Disabled
 Compressed Oops: Enabled (32-bit)
 Heap Region Size: 1M
 Heap Min Capacity: 8M
 Heap Initial Capacity: 254M
 Heap Max Capacity: 1536M
 Pre-touch: Disabled
 Parallel Workers: 8
 Concurrent Workers: 2
 Concurrent Refinement Workers: 8
 Periodic GC: Disabled

Heap:
 garbage-first heap   total 237568K, used 144795K [0x00000000a0000000, 0x0000000100000000)
  region size 1024K, 6 young (6144K), 3 survivors (3072K)
 Metaspace       used 123745K, committed 126080K, reserved 1179648K
  class space    used 17326K, committed 18432K, reserved 1048576K

Heap Regions: E=young(eden), S=young(survivor), O=old, HS=humongous(starts), HC=humongous(continues), CS=collection set, F=free, TAMS=top-at-mark-start, PB=parsable bottom
|   0|0x00000000a0000000, 0x00000000a0100000, 0x00000000a0100000|100%|HS|  |TAMS 0x00000000a0000000| PB 0x00000000a0000000| Complete 
|   1|0x00000000a0100000, 0x00000000a0200000, 0x00000000a0200000|100%|HC|  |TAMS 0x00000000a0100000| PB 0x00000000a0100000| Complete 
|   2|0x00000000a0200000, 0x00000000a0300000, 0x00000000a0300000|100%|HC|  |TAMS 0x00000000a0200000| PB 0x00000000a0200000| Complete 
|   3|0x00000000a0300000, 0x00000000a0400000, 0x00000000a0400000|100%|HC|  |TAMS 0x00000000a0300000| PB 0x00000000a0300000| Complete 
|   4|0x00000000a0400000, 0x00000000a0500000, 0x00000000a0500000|100%| O|  |TAMS 0x00000000a0400000| PB 0x00000000a0400000| Untracked 
|   5|0x00000000a0500000, 0x00000000a0600000, 0x00000000a0600000|100%| O|  |TAMS 0x00000000a0500000| PB 0x00000000a0500000| Untracked 
|   6|0x00000000a0600000, 0x00000000a0700000, 0x00000000a0700000|100%| O|  |TAMS 0x00000000a0600000| PB 0x00000000a0600000| Untracked 
|   7|0x00000000a0700000, 0x00000000a0800000, 0x00000000a0800000|100%| O|  |TAMS 0x00000000a0700000| PB 0x00000000a0700000| Untracked 
|   8|0x00000000a0800000, 0x00000000a0900000, 0x00000000a0900000|100%| O|  |TAMS 0x00000000a0800000| PB 0x00000000a0800000| Untracked 
|   9|0x00000000a0900000, 0x00000000a0a00000, 0x00000000a0a00000|100%| O|  |TAMS 0x00000000a0900000| PB 0x00000000a0900000| Untracked 
|  10|0x00000000a0a00000, 0x00000000a0b00000, 0x00000000a0b00000|100%| O|  |TAMS 0x00000000a0a00000| PB 0x00000000a0a00000| Untracked 
|  11|0x00000000a0b00000, 0x00000000a0c00000, 0x00000000a0c00000|100%|HS|  |TAMS 0x00000000a0b00000| PB 0x00000000a0b00000| Complete 
|  12|0x00000000a0c00000, 0x00000000a0d00000, 0x00000000a0d00000|100%| O|  |TAMS 0x00000000a0c00000| PB 0x00000000a0c00000| Untracked 
|  13|0x00000000a0d00000, 0x00000000a0e00000, 0x00000000a0e00000|100%| O|  |TAMS 0x00000000a0d00000| PB 0x00000000a0d00000| Untracked 
|  14|0x00000000a0e00000, 0x00000000a0f00000, 0x00000000a0f00000|100%| O|  |TAMS 0x00000000a0e00000| PB 0x00000000a0e00000| Untracked 
|  15|0x00000000a0f00000, 0x00000000a1000000, 0x00000000a1000000|100%| O|  |TAMS 0x00000000a0f00000| PB 0x00000000a0f00000| Untracked 
|  16|0x00000000a1000000, 0x00000000a1100000, 0x00000000a1100000|100%| O|  |TAMS 0x00000000a1000000| PB 0x00000000a1000000| Untracked 
|  17|0x00000000a1100000, 0x00000000a1200000, 0x00000000a1200000|100%| O|  |TAMS 0x00000000a1100000| PB 0x00000000a1100000| Untracked 
|  18|0x00000000a1200000, 0x00000000a1300000, 0x00000000a1300000|100%| O|  |TAMS 0x00000000a1200000| PB 0x00000000a1200000| Untracked 
|  19|0x00000000a1300000, 0x00000000a1400000, 0x00000000a1400000|100%| O|  |TAMS 0x00000000a1300000| PB 0x00000000a1300000| Untracked 
|  20|0x00000000a1400000, 0x00000000a1500000, 0x00000000a1500000|100%| O|  |TAMS 0x00000000a1400000| PB 0x00000000a1400000| Untracked 
|  21|0x00000000a1500000, 0x00000000a1600000, 0x00000000a1600000|100%| O|  |TAMS 0x00000000a1500000| PB 0x00000000a1500000| Untracked 
|  22|0x00000000a1600000, 0x00000000a1700000, 0x00000000a1700000|100%| O|  |TAMS 0x00000000a1600000| PB 0x00000000a1600000| Untracked 
|  23|0x00000000a1700000, 0x00000000a1800000, 0x00000000a1800000|100%| O|  |TAMS 0x00000000a1700000| PB 0x00000000a1700000| Untracked 
|  24|0x00000000a1800000, 0x00000000a1900000, 0x00000000a1900000|100%| O|  |TAMS 0x00000000a1800000| PB 0x00000000a1800000| Untracked 
|  25|0x00000000a1900000, 0x00000000a1a00000, 0x00000000a1a00000|100%| O|  |TAMS 0x00000000a1900000| PB 0x00000000a1900000| Untracked 
|  26|0x00000000a1a00000, 0x00000000a1b00000, 0x00000000a1b00000|100%| O|  |TAMS 0x00000000a1a00000| PB 0x00000000a1a00000| Untracked 
|  27|0x00000000a1b00000, 0x00000000a1c00000, 0x00000000a1c00000|100%| O|  |TAMS 0x00000000a1b00000| PB 0x00000000a1b00000| Untracked 
|  28|0x00000000a1c00000, 0x00000000a1d00000, 0x00000000a1d00000|100%| O|  |TAMS 0x00000000a1c00000| PB 0x00000000a1c00000| Untracked 
|  29|0x00000000a1d00000, 0x00000000a1e00000, 0x00000000a1e00000|100%| O|  |TAMS 0x00000000a1d00000| PB 0x00000000a1d00000| Untracked 
|  30|0x00000000a1e00000, 0x00000000a1f00000, 0x00000000a1f00000|100%| O|  |TAMS 0x00000000a1e00000| PB 0x00000000a1e00000| Untracked 
|  31|0x00000000a1f00000, 0x00000000a2000000, 0x00000000a2000000|100%| O|  |TAMS 0x00000000a1f00000| PB 0x00000000a1f00000| Untracked 
|  32|0x00000000a2000000, 0x00000000a2100000, 0x00000000a2100000|100%| O|  |TAMS 0x00000000a2000000| PB 0x00000000a2000000| Untracked 
|  33|0x00000000a2100000, 0x00000000a2200000, 0x00000000a2200000|100%| O|  |TAMS 0x00000000a2100000| PB 0x00000000a2100000| Untracked 
|  34|0x00000000a2200000, 0x00000000a2300000, 0x00000000a2300000|100%| O|  |TAMS 0x00000000a2200000| PB 0x00000000a2200000| Untracked 
|  35|0x00000000a2300000, 0x00000000a2400000, 0x00000000a2400000|100%| O|  |TAMS 0x00000000a2300000| PB 0x00000000a2300000| Untracked 
|  36|0x00000000a2400000, 0x00000000a2500000, 0x00000000a2500000|100%| O|  |TAMS 0x00000000a2400000| PB 0x00000000a2400000| Untracked 
|  37|0x00000000a2500000, 0x00000000a2600000, 0x00000000a2600000|100%| O|  |TAMS 0x00000000a2500000| PB 0x00000000a2500000| Untracked 
|  38|0x00000000a2600000, 0x00000000a2700000, 0x00000000a2700000|100%| O|  |TAMS 0x00000000a2600000| PB 0x00000000a2600000| Untracked 
|  39|0x00000000a2700000, 0x00000000a2800000, 0x00000000a2800000|100%|HS|  |TAMS 0x00000000a2700000| PB 0x00000000a2700000| Complete 
|  40|0x00000000a2800000, 0x00000000a2900000, 0x00000000a2900000|100%| O|  |TAMS 0x00000000a2800000| PB 0x00000000a2800000| Untracked 
|  41|0x00000000a2900000, 0x00000000a2a00000, 0x00000000a2a00000|100%| O|  |TAMS 0x00000000a2900000| PB 0x00000000a2900000| Untracked 
|  42|0x00000000a2a00000, 0x00000000a2b00000, 0x00000000a2b00000|100%|HS|  |TAMS 0x00000000a2a00000| PB 0x00000000a2a00000| Complete 
|  43|0x00000000a2b00000, 0x00000000a2c00000, 0x00000000a2c00000|100%|HS|  |TAMS 0x00000000a2b00000| PB 0x00000000a2b00000| Complete 
|  44|0x00000000a2c00000, 0x00000000a2d00000, 0x00000000a2d00000|100%| O|  |TAMS 0x00000000a2c00000| PB 0x00000000a2c00000| Untracked 
|  45|0x00000000a2d00000, 0x00000000a2e00000, 0x00000000a2e00000|100%| O|  |TAMS 0x00000000a2d00000| PB 0x00000000a2d00000| Untracked 
|  46|0x00000000a2e00000, 0x00000000a2f00000, 0x00000000a2f00000|100%| O|  |TAMS 0x00000000a2e00000| PB 0x00000000a2e00000| Untracked 
|  47|0x00000000a2f00000, 0x00000000a3000000, 0x00000000a3000000|100%|HS|  |TAMS 0x00000000a2f00000| PB 0x00000000a2f00000| Complete 
|  48|0x00000000a3000000, 0x00000000a3100000, 0x00000000a3100000|100%|HC|  |TAMS 0x00000000a3000000| PB 0x00000000a3000000| Complete 
|  49|0x00000000a3100000, 0x00000000a3200000, 0x00000000a3200000|100%|HS|  |TAMS 0x00000000a3100000| PB 0x00000000a3100000| Complete 
|  50|0x00000000a3200000, 0x00000000a3300000, 0x00000000a3300000|100%| O|  |TAMS 0x00000000a3200000| PB 0x00000000a3200000| Untracked 
|  51|0x00000000a3300000, 0x00000000a3400000, 0x00000000a3400000|100%| O|  |TAMS 0x00000000a3300000| PB 0x00000000a3300000| Untracked 
|  52|0x00000000a3400000, 0x00000000a3500000, 0x00000000a3500000|100%| O|  |TAMS 0x00000000a3400000| PB 0x00000000a3400000| Untracked 
|  53|0x00000000a3500000, 0x00000000a3600000, 0x00000000a3600000|100%|HS|  |TAMS 0x00000000a3500000| PB 0x00000000a3500000| Complete 
|  54|0x00000000a3600000, 0x00000000a3700000, 0x00000000a3700000|100%| O|  |TAMS 0x00000000a3600000| PB 0x00000000a3600000| Untracked 
|  55|0x00000000a3700000, 0x00000000a3800000, 0x00000000a3800000|100%|HS|  |TAMS 0x00000000a3700000| PB 0x00000000a3700000| Complete 
|  56|0x00000000a3800000, 0x00000000a3900000, 0x00000000a3900000|100%| O|  |TAMS 0x00000000a3800000| PB 0x00000000a3800000| Untracked 
|  57|0x00000000a3900000, 0x00000000a3a00000, 0x00000000a3a00000|100%| O|  |TAMS 0x00000000a3900000| PB 0x00000000a3900000| Untracked 
|  58|0x00000000a3a00000, 0x00000000a3b00000, 0x00000000a3b00000|100%| O|  |TAMS 0x00000000a3a00000| PB 0x00000000a3a00000| Untracked 
|  59|0x00000000a3b00000, 0x00000000a3c00000, 0x00000000a3c00000|100%| O|  |TAMS 0x00000000a3b00000| PB 0x00000000a3b00000| Untracked 
|  60|0x00000000a3c00000, 0x00000000a3d00000, 0x00000000a3d00000|100%|HS|  |TAMS 0x00000000a3c00000| PB 0x00000000a3c00000| Complete 
|  61|0x00000000a3d00000, 0x00000000a3e00000, 0x00000000a3e00000|100%|HC|  |TAMS 0x00000000a3d00000| PB 0x00000000a3d00000| Complete 
|  62|0x00000000a3e00000, 0x00000000a3f00000, 0x00000000a3f00000|100%| O|  |TAMS 0x00000000a3e00000| PB 0x00000000a3e00000| Untracked 
|  63|0x00000000a3f00000, 0x00000000a4000000, 0x00000000a4000000|100%| O|  |TAMS 0x00000000a3f00000| PB 0x00000000a3f00000| Untracked 
|  64|0x00000000a4000000, 0x00000000a4100000, 0x00000000a4100000|100%|HS|  |TAMS 0x00000000a4000000| PB 0x00000000a4000000| Complete 
|  65|0x00000000a4100000, 0x00000000a4200000, 0x00000000a4200000|100%| O|  |TAMS 0x00000000a4100000| PB 0x00000000a4100000| Untracked 
|  66|0x00000000a4200000, 0x00000000a4300000, 0x00000000a4300000|100%| O|  |TAMS 0x00000000a4200000| PB 0x00000000a4200000| Untracked 
|  67|0x00000000a4300000, 0x00000000a4400000, 0x00000000a4400000|100%| O|  |TAMS 0x00000000a4300000| PB 0x00000000a4300000| Untracked 
|  68|0x00000000a4400000, 0x00000000a4500000, 0x00000000a4500000|100%| O|  |TAMS 0x00000000a4400000| PB 0x00000000a4400000| Untracked 
|  69|0x00000000a4500000, 0x00000000a4600000, 0x00000000a4600000|100%| O|  |TAMS 0x00000000a4500000| PB 0x00000000a4500000| Untracked 
|  70|0x00000000a4600000, 0x00000000a4700000, 0x00000000a4700000|100%| O|  |TAMS 0x00000000a4600000| PB 0x00000000a4600000| Untracked 
|  71|0x00000000a4700000, 0x00000000a4800000, 0x00000000a4800000|100%| O|  |TAMS 0x00000000a4700000| PB 0x00000000a4700000| Untracked 
|  72|0x00000000a4800000, 0x00000000a4900000, 0x00000000a4900000|100%| O|  |TAMS 0x00000000a4800000| PB 0x00000000a4800000| Untracked 
|  73|0x00000000a4900000, 0x00000000a4a00000, 0x00000000a4a00000|100%| O|  |TAMS 0x00000000a4900000| PB 0x00000000a4900000| Untracked 
|  74|0x00000000a4a00000, 0x00000000a4b00000, 0x00000000a4b00000|100%| O|  |TAMS 0x00000000a4a00000| PB 0x00000000a4a00000| Untracked 
|  75|0x00000000a4b00000, 0x00000000a4c00000, 0x00000000a4c00000|100%| O|  |TAMS 0x00000000a4b00000| PB 0x00000000a4b00000| Untracked 
|  76|0x00000000a4c00000, 0x00000000a4d00000, 0x00000000a4d00000|100%| O|  |TAMS 0x00000000a4c00000| PB 0x00000000a4c00000| Untracked 
|  77|0x00000000a4d00000, 0x00000000a4e00000, 0x00000000a4e00000|100%| O|  |TAMS 0x00000000a4d00000| PB 0x00000000a4d00000| Untracked 
|  78|0x00000000a4e00000, 0x00000000a4f00000, 0x00000000a4f00000|100%| O|  |TAMS 0x00000000a4e00000| PB 0x00000000a4e00000| Untracked 
|  79|0x00000000a4f00000, 0x00000000a5000000, 0x00000000a5000000|100%| O|  |TAMS 0x00000000a4f00000| PB 0x00000000a4f00000| Untracked 
|  80|0x00000000a5000000, 0x00000000a5100000, 0x00000000a5100000|100%| O|  |TAMS 0x00000000a5000000| PB 0x00000000a5000000| Untracked 
|  81|0x00000000a5100000, 0x00000000a5200000, 0x00000000a5200000|100%| O|  |TAMS 0x00000000a5100000| PB 0x00000000a5100000| Untracked 
|  82|0x00000000a5200000, 0x00000000a5300000, 0x00000000a5300000|100%| O|  |TAMS 0x00000000a5200000| PB 0x00000000a5200000| Untracked 
|  83|0x00000000a5300000, 0x00000000a5400000, 0x00000000a5400000|100%| O|  |TAMS 0x00000000a5300000| PB 0x00000000a5300000| Untracked 
|  84|0x00000000a5400000, 0x00000000a5500000, 0x00000000a5500000|100%| O|  |TAMS 0x00000000a5400000| PB 0x00000000a5400000| Untracked 
|  85|0x00000000a5500000, 0x00000000a5600000, 0x00000000a5600000|100%| O|  |TAMS 0x00000000a5500000| PB 0x00000000a5500000| Untracked 
|  86|0x00000000a5600000, 0x00000000a5700000, 0x00000000a5700000|100%| O|  |TAMS 0x00000000a5600000| PB 0x00000000a5600000| Untracked 
|  87|0x00000000a5700000, 0x00000000a5800000, 0x00000000a5800000|100%| O|  |TAMS 0x00000000a5700000| PB 0x00000000a5700000| Untracked 
|  88|0x00000000a5800000, 0x00000000a5900000, 0x00000000a5900000|100%| O|  |TAMS 0x00000000a5800000| PB 0x00000000a5800000| Untracked 
|  89|0x00000000a5900000, 0x00000000a5a00000, 0x00000000a5a00000|100%| O|  |TAMS 0x00000000a5900000| PB 0x00000000a5900000| Untracked 
|  90|0x00000000a5a00000, 0x00000000a5b00000, 0x00000000a5b00000|100%| O|  |TAMS 0x00000000a5a00000| PB 0x00000000a5a00000| Untracked 
|  91|0x00000000a5b00000, 0x00000000a5c00000, 0x00000000a5c00000|100%| O|  |TAMS 0x00000000a5b00000| PB 0x00000000a5b00000| Untracked 
|  92|0x00000000a5c00000, 0x00000000a5d00000, 0x00000000a5d00000|100%| O|  |TAMS 0x00000000a5c00000| PB 0x00000000a5c00000| Untracked 
|  93|0x00000000a5d00000, 0x00000000a5e00000, 0x00000000a5e00000|100%| O|  |TAMS 0x00000000a5d00000| PB 0x00000000a5d00000| Untracked 
|  94|0x00000000a5e00000, 0x00000000a5f00000, 0x00000000a5f00000|100%| O|  |TAMS 0x00000000a5e00000| PB 0x00000000a5e00000| Untracked 
|  95|0x00000000a5f00000, 0x00000000a6000000, 0x00000000a6000000|100%| O|  |TAMS 0x00000000a5f00000| PB 0x00000000a5f00000| Untracked 
|  96|0x00000000a6000000, 0x00000000a6100000, 0x00000000a6100000|100%| O|  |TAMS 0x00000000a6000000| PB 0x00000000a6000000| Untracked 
|  97|0x00000000a6100000, 0x00000000a6200000, 0x00000000a6200000|100%| O|  |TAMS 0x00000000a6100000| PB 0x00000000a6100000| Untracked 
|  98|0x00000000a6200000, 0x00000000a6300000, 0x00000000a6300000|100%| O|  |TAMS 0x00000000a6200000| PB 0x00000000a6200000| Untracked 
|  99|0x00000000a6300000, 0x00000000a6400000, 0x00000000a6400000|100%| O|  |TAMS 0x00000000a6300000| PB 0x00000000a6300000| Untracked 
| 100|0x00000000a6400000, 0x00000000a6500000, 0x00000000a6500000|100%| O|Cm|TAMS 0x00000000a6400000| PB 0x00000000a6400000| Complete 
| 101|0x00000000a6500000, 0x00000000a6600000, 0x00000000a6600000|100%|HS|  |TAMS 0x00000000a6500000| PB 0x00000000a6500000| Complete 
| 102|0x00000000a6600000, 0x00000000a6700000, 0x00000000a6700000|100%|HC|  |TAMS 0x00000000a6600000| PB 0x00000000a6600000| Complete 
| 103|0x00000000a6700000, 0x00000000a6800000, 0x00000000a6800000|100%|HS|  |TAMS 0x00000000a6700000| PB 0x00000000a6700000| Complete 
| 104|0x00000000a6800000, 0x00000000a6900000, 0x00000000a6900000|100%|HC|  |TAMS 0x00000000a6800000| PB 0x00000000a6800000| Complete 
| 105|0x00000000a6900000, 0x00000000a6a00000, 0x00000000a6a00000|100%| O|  |TAMS 0x00000000a6900000| PB 0x00000000a6900000| Untracked 
| 106|0x00000000a6a00000, 0x00000000a6b00000, 0x00000000a6b00000|100%| O|  |TAMS 0x00000000a6a00000| PB 0x00000000a6a00000| Untracked 
| 107|0x00000000a6b00000, 0x00000000a6c00000, 0x00000000a6c00000|100%| O|  |TAMS 0x00000000a6b00000| PB 0x00000000a6b00000| Untracked 
| 108|0x00000000a6c00000, 0x00000000a6d00000, 0x00000000a6d00000|100%| O|  |TAMS 0x00000000a6c00000| PB 0x00000000a6c00000| Untracked 
| 109|0x00000000a6d00000, 0x00000000a6e00000, 0x00000000a6e00000|100%| O|  |TAMS 0x00000000a6d00000| PB 0x00000000a6d00000| Untracked 
| 110|0x00000000a6e00000, 0x00000000a6f00000, 0x00000000a6f00000|100%| O|  |TAMS 0x00000000a6e00000| PB 0x00000000a6e00000| Untracked 
| 111|0x00000000a6f00000, 0x00000000a7000000, 0x00000000a7000000|100%| O|  |TAMS 0x00000000a6f00000| PB 0x00000000a6f00000| Untracked 
| 112|0x00000000a7000000, 0x00000000a7100000, 0x00000000a7100000|100%| O|  |TAMS 0x00000000a7000000| PB 0x00000000a7000000| Untracked 
| 113|0x00000000a7100000, 0x00000000a7200000, 0x00000000a7200000|100%| O|  |TAMS 0x00000000a7100000| PB 0x00000000a7100000| Untracked 
| 114|0x00000000a7200000, 0x00000000a7300000, 0x00000000a7300000|100%| O|  |TAMS 0x00000000a7200000| PB 0x00000000a7200000| Untracked 
| 115|0x00000000a7300000, 0x00000000a7400000, 0x00000000a7400000|100%| O|  |TAMS 0x00000000a7300000| PB 0x00000000a7300000| Untracked 
| 116|0x00000000a7400000, 0x00000000a7500000, 0x00000000a7500000|100%| O|  |TAMS 0x00000000a7400000| PB 0x00000000a7400000| Untracked 
| 117|0x00000000a7500000, 0x00000000a7600000, 0x00000000a7600000|100%| O|  |TAMS 0x00000000a7500000| PB 0x00000000a7500000| Untracked 
| 118|0x00000000a7600000, 0x00000000a7700000, 0x00000000a7700000|100%| O|  |TAMS 0x00000000a7600000| PB 0x00000000a7600000| Untracked 
| 119|0x00000000a7700000, 0x00000000a7800000, 0x00000000a7800000|100%| O|  |TAMS 0x00000000a7700000| PB 0x00000000a7700000| Untracked 
| 120|0x00000000a7800000, 0x00000000a7900000, 0x00000000a7900000|100%| O|  |TAMS 0x00000000a7800000| PB 0x00000000a7800000| Untracked 
| 121|0x00000000a7900000, 0x00000000a7a00000, 0x00000000a7a00000|100%| O|  |TAMS 0x00000000a7900000| PB 0x00000000a7900000| Untracked 
| 122|0x00000000a7a00000, 0x00000000a7b00000, 0x00000000a7b00000|100%| O|  |TAMS 0x00000000a7a00000| PB 0x00000000a7a00000| Untracked 
| 123|0x00000000a7b00000, 0x00000000a7c00000, 0x00000000a7c00000|100%| O|  |TAMS 0x00000000a7b00000| PB 0x00000000a7b00000| Untracked 
| 124|0x00000000a7c00000, 0x00000000a7d00000, 0x00000000a7d00000|100%| O|  |TAMS 0x00000000a7c00000| PB 0x00000000a7c00000| Untracked 
| 125|0x00000000a7d00000, 0x00000000a7e00000, 0x00000000a7e00000|100%| O|  |TAMS 0x00000000a7d00000| PB 0x00000000a7d00000| Untracked 
| 126|0x00000000a7e00000, 0x00000000a7e2e430, 0x00000000a7f00000| 18%| O|  |TAMS 0x00000000a7e00000| PB 0x00000000a7e00000| Untracked 
| 127|0x00000000a7f00000, 0x00000000a7f00000, 0x00000000a8000000|  0%| F|  |TAMS 0x00000000a7f00000| PB 0x00000000a7f00000| Untracked 
| 128|0x00000000a8000000, 0x00000000a8000000, 0x00000000a8100000|  0%| F|  |TAMS 0x00000000a8000000| PB 0x00000000a8000000| Untracked 
| 129|0x00000000a8100000, 0x00000000a8100000, 0x00000000a8200000|  0%| F|  |TAMS 0x00000000a8100000| PB 0x00000000a8100000| Untracked 
| 130|0x00000000a8200000, 0x00000000a8200000, 0x00000000a8300000|  0%| F|  |TAMS 0x00000000a8200000| PB 0x00000000a8200000| Untracked 
| 131|0x00000000a8300000, 0x00000000a8300000, 0x00000000a8400000|  0%| F|  |TAMS 0x00000000a8300000| PB 0x00000000a8300000| Untracked 
| 132|0x00000000a8400000, 0x00000000a8400000, 0x00000000a8500000|  0%| F|  |TAMS 0x00000000a8400000| PB 0x00000000a8400000| Untracked 
| 133|0x00000000a8500000, 0x00000000a8500000, 0x00000000a8600000|  0%| F|  |TAMS 0x00000000a8500000| PB 0x00000000a8500000| Untracked 
| 134|0x00000000a8600000, 0x00000000a8600000, 0x00000000a8700000|  0%| F|  |TAMS 0x00000000a8600000| PB 0x00000000a8600000| Untracked 
| 135|0x00000000a8700000, 0x00000000a8700000, 0x00000000a8800000|  0%| F|  |TAMS 0x00000000a8700000| PB 0x00000000a8700000| Untracked 
| 136|0x00000000a8800000, 0x00000000a8800000, 0x00000000a8900000|  0%| F|  |TAMS 0x00000000a8800000| PB 0x00000000a8800000| Untracked 
| 137|0x00000000a8900000, 0x00000000a8900000, 0x00000000a8a00000|  0%| F|  |TAMS 0x00000000a8900000| PB 0x00000000a8900000| Untracked 
| 138|0x00000000a8a00000, 0x00000000a8a00000, 0x00000000a8b00000|  0%| F|  |TAMS 0x00000000a8a00000| PB 0x00000000a8a00000| Untracked 
| 139|0x00000000a8b00000, 0x00000000a8b00000, 0x00000000a8c00000|  0%| F|  |TAMS 0x00000000a8b00000| PB 0x00000000a8b00000| Untracked 
| 140|0x00000000a8c00000, 0x00000000a8c00000, 0x00000000a8d00000|  0%| F|  |TAMS 0x00000000a8c00000| PB 0x00000000a8c00000| Untracked 
| 141|0x00000000a8d00000, 0x00000000a8d00000, 0x00000000a8e00000|  0%| F|  |TAMS 0x00000000a8d00000| PB 0x00000000a8d00000| Untracked 
| 142|0x00000000a8e00000, 0x00000000a8e00000, 0x00000000a8f00000|  0%| F|  |TAMS 0x00000000a8e00000| PB 0x00000000a8e00000| Untracked 
| 143|0x00000000a8f00000, 0x00000000a8f00000, 0x00000000a9000000|  0%| F|  |TAMS 0x00000000a8f00000| PB 0x00000000a8f00000| Untracked 
| 144|0x00000000a9000000, 0x00000000a9000000, 0x00000000a9100000|  0%| F|  |TAMS 0x00000000a9000000| PB 0x00000000a9000000| Untracked 
| 145|0x00000000a9100000, 0x00000000a9100000, 0x00000000a9200000|  0%| F|  |TAMS 0x00000000a9100000| PB 0x00000000a9100000| Untracked 
| 146|0x00000000a9200000, 0x00000000a9200000, 0x00000000a9300000|  0%| F|  |TAMS 0x00000000a9200000| PB 0x00000000a9200000| Untracked 
| 147|0x00000000a9300000, 0x00000000a9300000, 0x00000000a9400000|  0%| F|  |TAMS 0x00000000a9300000| PB 0x00000000a9300000| Untracked 
| 148|0x00000000a9400000, 0x00000000a9400000, 0x00000000a9500000|  0%| F|  |TAMS 0x00000000a9400000| PB 0x00000000a9400000| Untracked 
| 149|0x00000000a9500000, 0x00000000a9500000, 0x00000000a9600000|  0%| F|  |TAMS 0x00000000a9500000| PB 0x00000000a9500000| Untracked 
| 150|0x00000000a9600000, 0x00000000a9600000, 0x00000000a9700000|  0%| F|  |TAMS 0x00000000a9600000| PB 0x00000000a9600000| Untracked 
| 151|0x00000000a9700000, 0x00000000a9700000, 0x00000000a9800000|  0%| F|  |TAMS 0x00000000a9700000| PB 0x00000000a9700000| Untracked 
| 152|0x00000000a9800000, 0x00000000a9800000, 0x00000000a9900000|  0%| F|  |TAMS 0x00000000a9800000| PB 0x00000000a9800000| Untracked 
| 153|0x00000000a9900000, 0x00000000a9900000, 0x00000000a9a00000|  0%| F|  |TAMS 0x00000000a9900000| PB 0x00000000a9900000| Untracked 
| 154|0x00000000a9a00000, 0x00000000a9a00000, 0x00000000a9b00000|  0%| F|  |TAMS 0x00000000a9a00000| PB 0x00000000a9a00000| Untracked 
| 155|0x00000000a9b00000, 0x00000000a9b00000, 0x00000000a9c00000|  0%| F|  |TAMS 0x00000000a9b00000| PB 0x00000000a9b00000| Untracked 
| 156|0x00000000a9c00000, 0x00000000a9c00000, 0x00000000a9d00000|  0%| F|  |TAMS 0x00000000a9c00000| PB 0x00000000a9c00000| Untracked 
| 157|0x00000000a9d00000, 0x00000000a9d00000, 0x00000000a9e00000|  0%| F|  |TAMS 0x00000000a9d00000| PB 0x00000000a9d00000| Untracked 
| 158|0x00000000a9e00000, 0x00000000a9e00000, 0x00000000a9f00000|  0%| F|  |TAMS 0x00000000a9e00000| PB 0x00000000a9e00000| Untracked 
| 159|0x00000000a9f00000, 0x00000000a9f00000, 0x00000000aa000000|  0%| F|  |TAMS 0x00000000a9f00000| PB 0x00000000a9f00000| Untracked 
| 160|0x00000000aa000000, 0x00000000aa000000, 0x00000000aa100000|  0%| F|  |TAMS 0x00000000aa000000| PB 0x00000000aa000000| Untracked 
| 161|0x00000000aa100000, 0x00000000aa100000, 0x00000000aa200000|  0%| F|  |TAMS 0x00000000aa100000| PB 0x00000000aa100000| Untracked 
| 162|0x00000000aa200000, 0x00000000aa200000, 0x00000000aa300000|  0%| F|  |TAMS 0x00000000aa200000| PB 0x00000000aa200000| Untracked 
| 163|0x00000000aa300000, 0x00000000aa300000, 0x00000000aa400000|  0%| F|  |TAMS 0x00000000aa300000| PB 0x00000000aa300000| Untracked 
| 164|0x00000000aa400000, 0x00000000aa400000, 0x00000000aa500000|  0%| F|  |TAMS 0x00000000aa400000| PB 0x00000000aa400000| Untracked 
| 165|0x00000000aa500000, 0x00000000aa500000, 0x00000000aa600000|  0%| F|  |TAMS 0x00000000aa500000| PB 0x00000000aa500000| Untracked 
| 166|0x00000000aa600000, 0x00000000aa600000, 0x00000000aa700000|  0%| F|  |TAMS 0x00000000aa600000| PB 0x00000000aa600000| Untracked 
| 167|0x00000000aa700000, 0x00000000aa700000, 0x00000000aa800000|  0%| F|  |TAMS 0x00000000aa700000| PB 0x00000000aa700000| Untracked 
| 168|0x00000000aa800000, 0x00000000aa800000, 0x00000000aa900000|  0%| F|  |TAMS 0x00000000aa800000| PB 0x00000000aa800000| Untracked 
| 169|0x00000000aa900000, 0x00000000aa900000, 0x00000000aaa00000|  0%| F|  |TAMS 0x00000000aa900000| PB 0x00000000aa900000| Untracked 
| 170|0x00000000aaa00000, 0x00000000aaa00000, 0x00000000aab00000|  0%| F|  |TAMS 0x00000000aaa00000| PB 0x00000000aaa00000| Untracked 
| 171|0x00000000aab00000, 0x00000000aab00000, 0x00000000aac00000|  0%| F|  |TAMS 0x00000000aab00000| PB 0x00000000aab00000| Untracked 
| 172|0x00000000aac00000, 0x00000000aac00000, 0x00000000aad00000|  0%| F|  |TAMS 0x00000000aac00000| PB 0x00000000aac00000| Untracked 
| 173|0x00000000aad00000, 0x00000000aad00000, 0x00000000aae00000|  0%| F|  |TAMS 0x00000000aad00000| PB 0x00000000aad00000| Untracked 
| 174|0x00000000aae00000, 0x00000000aae00000, 0x00000000aaf00000|  0%| F|  |TAMS 0x00000000aae00000| PB 0x00000000aae00000| Untracked 
| 175|0x00000000aaf00000, 0x00000000aaf00000, 0x00000000ab000000|  0%| F|  |TAMS 0x00000000aaf00000| PB 0x00000000aaf00000| Untracked 
| 176|0x00000000ab000000, 0x00000000ab000000, 0x00000000ab100000|  0%| F|  |TAMS 0x00000000ab000000| PB 0x00000000ab000000| Untracked 
| 177|0x00000000ab100000, 0x00000000ab100000, 0x00000000ab200000|  0%| F|  |TAMS 0x00000000ab100000| PB 0x00000000ab100000| Untracked 
| 178|0x00000000ab200000, 0x00000000ab200000, 0x00000000ab300000|  0%| F|  |TAMS 0x00000000ab200000| PB 0x00000000ab200000| Untracked 
| 179|0x00000000ab300000, 0x00000000ab300000, 0x00000000ab400000|  0%| F|  |TAMS 0x00000000ab300000| PB 0x00000000ab300000| Untracked 
| 180|0x00000000ab400000, 0x00000000ab400000, 0x00000000ab500000|  0%| F|  |TAMS 0x00000000ab400000| PB 0x00000000ab400000| Untracked 
| 181|0x00000000ab500000, 0x00000000ab500000, 0x00000000ab600000|  0%| F|  |TAMS 0x00000000ab500000| PB 0x00000000ab500000| Untracked 
| 182|0x00000000ab600000, 0x00000000ab600000, 0x00000000ab700000|  0%| F|  |TAMS 0x00000000ab600000| PB 0x00000000ab600000| Untracked 
| 183|0x00000000ab700000, 0x00000000ab700000, 0x00000000ab800000|  0%| F|  |TAMS 0x00000000ab700000| PB 0x00000000ab700000| Untracked 
| 184|0x00000000ab800000, 0x00000000ab838880, 0x00000000ab900000| 22%| S|CS|TAMS 0x00000000ab800000| PB 0x00000000ab800000| Complete 
| 185|0x00000000ab900000, 0x00000000aba00000, 0x00000000aba00000|100%| S|CS|TAMS 0x00000000ab900000| PB 0x00000000ab900000| Complete 
| 186|0x00000000aba00000, 0x00000000abb00000, 0x00000000abb00000|100%| S|CS|TAMS 0x00000000aba00000| PB 0x00000000aba00000| Complete 
| 187|0x00000000abb00000, 0x00000000abb00000, 0x00000000abc00000|  0%| F|  |TAMS 0x00000000abb00000| PB 0x00000000abb00000| Untracked 
| 188|0x00000000abc00000, 0x00000000abc00000, 0x00000000abd00000|  0%| F|  |TAMS 0x00000000abc00000| PB 0x00000000abc00000| Untracked 
| 189|0x00000000abd00000, 0x00000000abd00000, 0x00000000abe00000|  0%| F|  |TAMS 0x00000000abd00000| PB 0x00000000abd00000| Untracked 
| 190|0x00000000abe00000, 0x00000000abe00000, 0x00000000abf00000|  0%| F|  |TAMS 0x00000000abe00000| PB 0x00000000abe00000| Untracked 
| 191|0x00000000abf00000, 0x00000000abf00000, 0x00000000ac000000|  0%| F|  |TAMS 0x00000000abf00000| PB 0x00000000abf00000| Untracked 
| 192|0x00000000ac000000, 0x00000000ac000000, 0x00000000ac100000|  0%| F|  |TAMS 0x00000000ac000000| PB 0x00000000ac000000| Untracked 
| 193|0x00000000ac100000, 0x00000000ac100000, 0x00000000ac200000|  0%| F|  |TAMS 0x00000000ac100000| PB 0x00000000ac100000| Untracked 
| 194|0x00000000ac200000, 0x00000000ac200000, 0x00000000ac300000|  0%| F|  |TAMS 0x00000000ac200000| PB 0x00000000ac200000| Untracked 
| 195|0x00000000ac300000, 0x00000000ac300000, 0x00000000ac400000|  0%| F|  |TAMS 0x00000000ac300000| PB 0x00000000ac300000| Untracked 
| 196|0x00000000ac400000, 0x00000000ac400000, 0x00000000ac500000|  0%| F|  |TAMS 0x00000000ac400000| PB 0x00000000ac400000| Untracked 
| 197|0x00000000ac500000, 0x00000000ac500000, 0x00000000ac600000|  0%| F|  |TAMS 0x00000000ac500000| PB 0x00000000ac500000| Untracked 
| 198|0x00000000ac600000, 0x00000000ac600000, 0x00000000ac700000|  0%| F|  |TAMS 0x00000000ac600000| PB 0x00000000ac600000| Untracked 
| 199|0x00000000ac700000, 0x00000000ac700000, 0x00000000ac800000|  0%| F|  |TAMS 0x00000000ac700000| PB 0x00000000ac700000| Untracked 
| 200|0x00000000ac800000, 0x00000000ac800000, 0x00000000ac900000|  0%| F|  |TAMS 0x00000000ac800000| PB 0x00000000ac800000| Untracked 
| 201|0x00000000ac900000, 0x00000000ac900000, 0x00000000aca00000|  0%| F|  |TAMS 0x00000000ac900000| PB 0x00000000ac900000| Untracked 
| 202|0x00000000aca00000, 0x00000000aca00000, 0x00000000acb00000|  0%| F|  |TAMS 0x00000000aca00000| PB 0x00000000aca00000| Untracked 
| 203|0x00000000acb00000, 0x00000000acb00000, 0x00000000acc00000|  0%| F|  |TAMS 0x00000000acb00000| PB 0x00000000acb00000| Untracked 
| 204|0x00000000acc00000, 0x00000000acc00000, 0x00000000acd00000|  0%| F|  |TAMS 0x00000000acc00000| PB 0x00000000acc00000| Untracked 
| 205|0x00000000acd00000, 0x00000000acd00000, 0x00000000ace00000|  0%| F|  |TAMS 0x00000000acd00000| PB 0x00000000acd00000| Untracked 
| 206|0x00000000ace00000, 0x00000000ace00000, 0x00000000acf00000|  0%| F|  |TAMS 0x00000000ace00000| PB 0x00000000ace00000| Untracked 
| 207|0x00000000acf00000, 0x00000000acf00000, 0x00000000ad000000|  0%| F|  |TAMS 0x00000000acf00000| PB 0x00000000acf00000| Untracked 
| 208|0x00000000ad000000, 0x00000000ad000000, 0x00000000ad100000|  0%| F|  |TAMS 0x00000000ad000000| PB 0x00000000ad000000| Untracked 
| 209|0x00000000ad100000, 0x00000000ad100000, 0x00000000ad200000|  0%| F|  |TAMS 0x00000000ad100000| PB 0x00000000ad100000| Untracked 
| 210|0x00000000ad200000, 0x00000000ad200000, 0x00000000ad300000|  0%| F|  |TAMS 0x00000000ad200000| PB 0x00000000ad200000| Untracked 
| 211|0x00000000ad300000, 0x00000000ad300000, 0x00000000ad400000|  0%| F|  |TAMS 0x00000000ad300000| PB 0x00000000ad300000| Untracked 
| 212|0x00000000ad400000, 0x00000000ad400000, 0x00000000ad500000|  0%| F|  |TAMS 0x00000000ad400000| PB 0x00000000ad400000| Untracked 
| 213|0x00000000ad500000, 0x00000000ad500000, 0x00000000ad600000|  0%| F|  |TAMS 0x00000000ad500000| PB 0x00000000ad500000| Untracked 
| 214|0x00000000ad600000, 0x00000000ad600000, 0x00000000ad700000|  0%| F|  |TAMS 0x00000000ad600000| PB 0x00000000ad600000| Untracked 
| 215|0x00000000ad700000, 0x00000000ad700000, 0x00000000ad800000|  0%| F|  |TAMS 0x00000000ad700000| PB 0x00000000ad700000| Untracked 
| 252|0x00000000afc00000, 0x00000000afc00000, 0x00000000afd00000|  0%| F|  |TAMS 0x00000000afc00000| PB 0x00000000afc00000| Untracked 
| 253|0x00000000afd00000, 0x00000000afd00000, 0x00000000afe00000|  0%| F|  |TAMS 0x00000000afd00000| PB 0x00000000afd00000| Untracked 
|1522|0x00000000ff200000, 0x00000000ff300000, 0x00000000ff300000|100%| O|  |TAMS 0x00000000ff200000| PB 0x00000000ff200000| Untracked 
|1523|0x00000000ff300000, 0x00000000ff400000, 0x00000000ff400000|100%| O|Cm|TAMS 0x00000000ff300000| PB 0x00000000ff300000| Complete 
|1524|0x00000000ff400000, 0x00000000ff500000, 0x00000000ff500000|100%| O|  |TAMS 0x00000000ff400000| PB 0x00000000ff400000| Untracked 
|1525|0x00000000ff500000, 0x00000000ff600000, 0x00000000ff600000|100%| O|Cm|TAMS 0x00000000ff500000| PB 0x00000000ff500000| Complete 
|1526|0x00000000ff600000, 0x00000000ff683480, 0x00000000ff700000| 51%| E|  |TAMS 0x00000000ff600000| PB 0x00000000ff600000| Complete 
|1527|0x00000000ff700000, 0x00000000ff800000, 0x00000000ff800000|100%| O|  |TAMS 0x00000000ff700000| PB 0x00000000ff700000| Untracked 
|1528|0x00000000ff800000, 0x00000000ff900000, 0x00000000ff900000|100%| O|  |TAMS 0x00000000ff800000| PB 0x00000000ff800000| Untracked 
|1529|0x00000000ff900000, 0x00000000ffa00000, 0x00000000ffa00000|100%| O|  |TAMS 0x00000000ff900000| PB 0x00000000ff900000| Untracked 
|1530|0x00000000ffa00000, 0x00000000ffb00000, 0x00000000ffb00000|100%| E|CS|TAMS 0x00000000ffa00000| PB 0x00000000ffa00000| Complete 
|1531|0x00000000ffb00000, 0x00000000ffc00000, 0x00000000ffc00000|100%| E|CS|TAMS 0x00000000ffb00000| PB 0x00000000ffb00000| Complete 
|1532|0x00000000ffc00000, 0x00000000ffd00000, 0x00000000ffd00000|100%| O|  |TAMS 0x00000000ffc00000| PB 0x00000000ffc00000| Untracked 
|1533|0x00000000ffd00000, 0x00000000ffe00000, 0x00000000ffe00000|100%| O|  |TAMS 0x00000000ffd00000| PB 0x00000000ffd00000| Untracked 
|1534|0x00000000ffe00000, 0x00000000fff00000, 0x00000000fff00000|100%| O|  |TAMS 0x00000000ffe00000| PB 0x00000000ffe00000| Untracked 
|1535|0x00000000fff00000, 0x0000000100000000, 0x0000000100000000|100%| O|  |TAMS 0x00000000fff00000| PB 0x00000000fff00000| Untracked 

Card table byte_map: [0x0000022717c50000,0x0000022717f50000] _byte_map_base: 0x0000022717750000

Marking Bits: (CMBitMap*) 0x0000022719768920
 Bits: [0x0000022717f50000, 0x0000022719750000)

Polling page: 0x0000022703350000

Metaspace:

Usage:
  Non-class:    103.93 MB used.
      Class:     16.92 MB used.
       Both:    120.85 MB used.

Virtual space:
  Non-class space:      128.00 MB reserved,     105.12 MB ( 82%) committed,  2 nodes.
      Class space:        1.00 GB reserved,      18.00 MB (  2%) committed,  1 nodes.
             Both:        1.12 GB reserved,     123.12 MB ( 11%) committed. 

Chunk freelists:
   Non-Class:  6.84 MB
       Class:  13.81 MB
        Both:  20.66 MB

MaxMetaspaceSize: unlimited
CompressedClassSpaceSize: 1.00 GB
Initial GC threshold: 21.00 MB
Current GC threshold: 204.69 MB
CDS: off
 - commit_granule_bytes: 65536.
 - commit_granule_words: 8192.
 - virtual_space_node_default_size: 8388608.
 - enlarge_chunks_in_place: 1.
 - use_allocation_guard: 0.


Internal statistics:

num_allocs_failed_limit: 6.
num_arena_births: 4478.
num_arena_deaths: 0.
num_vsnodes_births: 3.
num_vsnodes_deaths: 0.
num_space_committed: 1969.
num_space_uncommitted: 0.
num_chunks_returned_to_freelist: 6.
num_chunks_taken_from_freelist: 9670.
num_chunk_merges: 6.
num_chunk_splits: 6414.
num_chunks_enlarged: 4133.
num_inconsistent_stats: 0.

CodeHeap 'non-profiled nmethods': size=120000Kb used=9732Kb max_used=9890Kb free=110267Kb
 bounds [0x00000227100f0000, 0x0000022710ab0000, 0x0000022717620000]
CodeHeap 'profiled nmethods': size=120000Kb used=29131Kb max_used=29131Kb free=90868Kb
 bounds [0x0000022708620000, 0x000002270a2a0000, 0x000002270fb50000]
CodeHeap 'non-nmethods': size=5760Kb used=2056Kb max_used=2142Kb free=3704Kb
 bounds [0x000002270fb50000, 0x000002270fdc0000, 0x00000227100f0000]
CodeCache: size=245760Kb, used=40919Kb, max_used=41163Kb, free=204839Kb
 total_blobs=14971, nmethods=14048, adapters=825, full_count=0
Compilation: enabled, stopped_count=0, restarted_count=0

Compilation events (20 events):
Event: 58.620 Thread 0x000002271c3384a0 16580       2       org.gradle.internal.compiler.java.listeners.constants.ConstantDependentsConsumer::consumePrivateDependent (12 bytes)
Event: 58.620 Thread 0x000002271c3384a0 nmethod 16580 0x000002270a270e10 code [0x000002270a270fc0, 0x000002270a271110]
Event: 58.620 Thread 0x000002271c3384a0 16581       2       org.gradle.api.internal.tasks.compile.JdkTools$DefaultIncrementalAwareCompiler$$Lambda/0x00000001010ab558::accept (16 bytes)
Event: 58.621 Thread 0x000002271c3384a0 nmethod 16581 0x000002270a271210 code [0x000002270a2713e0, 0x000002270a271600]
Event: 58.621 Thread 0x000002271c3384a0 16582       2       org.gradle.api.internal.tasks.compile.incremental.compilerapi.constants.ConstantsAnalysisResult::addPrivateDependent (19 bytes)
Event: 58.621 Thread 0x000002271c3384a0 nmethod 16582 0x000002270a271790 code [0x000002270a271940, 0x000002270a271ad8]
Event: 58.621 Thread 0x000002271c3384a0 16571       2       com.sun.tools.javac.tree.JCTree$JCImport::getKind (4 bytes)
Event: 58.621 Thread 0x000002271c3384a0 nmethod 16571 0x000002270a271c10 code [0x000002270a271da0, 0x000002270a271eb0]
Event: 58.621 Thread 0x000002271c3384a0 16572       2       com.sun.tools.javac.tree.JCTree$JCImport::accept (9 bytes)
Event: 58.621 Thread 0x000002271c3384a0 nmethod 16572 0x000002270a271f90 code [0x000002270a272140, 0x000002270a272290]
Event: 58.622 Thread 0x000002271c3384a0 16585       2       com.sun.tools.javac.comp.TransTypes::addBridges (103 bytes)
Event: 58.623 Thread 0x000002271c3384a0 nmethod 16585 0x000002270a272390 code [0x000002270a2725c0, 0x000002270a272ac0]
Event: 58.629 Thread 0x000002271c3384a0 16586       2       com.sun.tools.javac.tree.TreeTranslator::visitConstantCaseLabel (21 bytes)
Event: 58.629 Thread 0x000002271c3384a0 nmethod 16586 0x000002270a272e90 code [0x000002270a273040, 0x000002270a273280]
Event: 58.630 Thread 0x000002271c3384a0 16587       3       com.sun.tools.javac.comp.Lower$1::visitVarDef (38 bytes)
Event: 58.632 Thread 0x000002271c3384a0 nmethod 16587 0x000002270a273390 code [0x000002270a2735e0, 0x000002270a274190]
Event: 58.646 Thread 0x000002271c3384a0 16588       2       com.sun.tools.javac.jvm.StringConcat$Inline::appendString (132 bytes)
Event: 58.648 Thread 0x000002271c3384a0 nmethod 16588 0x000002270a274510 code [0x000002270a274760, 0x000002270a274d58]
Event: 58.651 Thread 0x000002271c3384a0 16589       2       com.sun.tools.javac.jvm.Code$State::forceStackTop (116 bytes)
Event: 58.653 Thread 0x000002271c3384a0 nmethod 16589 0x000002270a275210 code [0x000002270a2754a0, 0x000002270a275c40]

GC Heap History (20 events):
Event: 42.849 GC heap before
{Heap before GC invocations=41 (full 0):
 garbage-first heap   total 147456K, used 138070K [0x00000000a0000000, 0x0000000100000000)
  region size 1024K, 52 young (53248K), 5 survivors (5120K)
 Metaspace       used 99211K, committed 101376K, reserved 1179648K
  class space    used 14121K, committed 15168K, reserved 1048576K
}
Event: 42.859 GC heap after
{Heap after GC invocations=42 (full 0):
 garbage-first heap   total 147456K, used 91115K [0x00000000a0000000, 0x0000000100000000)
  region size 1024K, 5 young (5120K), 5 survivors (5120K)
 Metaspace       used 99211K, committed 101376K, reserved 1179648K
  class space    used 14121K, committed 15168K, reserved 1048576K
}
Event: 44.537 GC heap before
{Heap before GC invocations=43 (full 0):
 garbage-first heap   total 153600K, used 138219K [0x00000000a0000000, 0x0000000100000000)
  region size 1024K, 51 young (52224K), 5 survivors (5120K)
 Metaspace       used 101683K, committed 103936K, reserved 1179648K
  class space    used 14532K, committed 15616K, reserved 1048576K
}
Event: 44.556 GC heap after
{Heap after GC invocations=44 (full 0):
 garbage-first heap   total 153600K, used 94293K [0x00000000a0000000, 0x0000000100000000)
  region size 1024K, 7 young (7168K), 7 survivors (7168K)
 Metaspace       used 101683K, committed 103936K, reserved 1179648K
  class space    used 14532K, committed 15616K, reserved 1048576K
}
Event: 45.802 GC heap before
{Heap before GC invocations=44 (full 0):
 garbage-first heap   total 153600K, used 143445K [0x00000000a0000000, 0x0000000100000000)
  region size 1024K, 55 young (56320K), 7 survivors (7168K)
 Metaspace       used 105825K, committed 108032K, reserved 1179648K
  class space    used 15123K, committed 16192K, reserved 1048576K
}
Event: 45.814 GC heap after
{Heap after GC invocations=45 (full 0):
 garbage-first heap   total 155648K, used 96377K [0x00000000a0000000, 0x0000000100000000)
  region size 1024K, 6 young (6144K), 6 survivors (6144K)
 Metaspace       used 105825K, committed 108032K, reserved 1179648K
  class space    used 15123K, committed 16192K, reserved 1048576K
}
Event: 46.795 GC heap before
{Heap before GC invocations=45 (full 0):
 garbage-first heap   total 155648K, used 145529K [0x00000000a0000000, 0x0000000100000000)
  region size 1024K, 54 young (55296K), 6 survivors (6144K)
 Metaspace       used 108839K, committed 111040K, reserved 1179648K
  class space    used 15585K, committed 16640K, reserved 1048576K
}
Event: 46.807 GC heap after
{Heap after GC invocations=46 (full 0):
 garbage-first heap   total 155648K, used 99130K [0x00000000a0000000, 0x0000000100000000)
  region size 1024K, 6 young (6144K), 6 survivors (6144K)
 Metaspace       used 108839K, committed 111040K, reserved 1179648K
  class space    used 15585K, committed 16640K, reserved 1048576K
}
Event: 48.024 GC heap before
{Heap before GC invocations=47 (full 0):
 garbage-first heap   total 167936K, used 144186K [0x00000000a0000000, 0x0000000100000000)
  region size 1024K, 51 young (52224K), 6 survivors (6144K)
 Metaspace       used 110295K, committed 112512K, reserved 1179648K
  class space    used 15820K, committed 16896K, reserved 1048576K
}
Event: 48.038 GC heap after
{Heap after GC invocations=48 (full 0):
 garbage-first heap   total 167936K, used 103030K [0x00000000a0000000, 0x0000000100000000)
  region size 1024K, 7 young (7168K), 7 survivors (7168K)
 Metaspace       used 110295K, committed 112512K, reserved 1179648K
  class space    used 15820K, committed 16896K, reserved 1048576K
}
Event: 49.426 GC heap before
{Heap before GC invocations=48 (full 0):
 garbage-first heap   total 167936K, used 161398K [0x00000000a0000000, 0x0000000100000000)
  region size 1024K, 60 young (61440K), 7 survivors (7168K)
 Metaspace       used 112269K, committed 114496K, reserved 1179648K
  class space    used 15990K, committed 17088K, reserved 1048576K
}
Event: 49.451 GC heap after
{Heap after GC invocations=49 (full 0):
 garbage-first heap   total 177152K, used 107920K [0x00000000a0000000, 0x0000000100000000)
  region size 1024K, 8 young (8192K), 8 survivors (8192K)
 Metaspace       used 112269K, committed 114496K, reserved 1179648K
  class space    used 15990K, committed 17088K, reserved 1048576K
}
Event: 50.799 GC heap before
{Heap before GC invocations=49 (full 0):
 garbage-first heap   total 177152K, used 123280K [0x00000000a0000000, 0x0000000100000000)
  region size 1024K, 25 young (25600K), 8 survivors (8192K)
 Metaspace       used 114008K, committed 116288K, reserved 1179648K
  class space    used 16232K, committed 17344K, reserved 1048576K
}
Event: 50.814 GC heap after
{Heap after GC invocations=50 (full 0):
 garbage-first heap   total 177152K, used 111287K [0x00000000a0000000, 0x0000000100000000)
  region size 1024K, 3 young (3072K), 3 survivors (3072K)
 Metaspace       used 114008K, committed 116288K, reserved 1179648K
  class space    used 16232K, committed 17344K, reserved 1048576K
}
Event: 52.804 GC heap before
{Heap before GC invocations=51 (full 0):
 garbage-first heap   total 189440K, used 167607K [0x00000000a0000000, 0x0000000100000000)
  region size 1024K, 52 young (53248K), 3 survivors (3072K)
 Metaspace       used 119992K, committed 122304K, reserved 1179648K
  class space    used 16983K, committed 18112K, reserved 1048576K
}
Event: 52.818 GC heap after
{Heap after GC invocations=52 (full 0):
 garbage-first heap   total 189440K, used 123400K [0x00000000a0000000, 0x0000000100000000)
  region size 1024K, 7 young (7168K), 7 survivors (7168K)
 Metaspace       used 119992K, committed 122304K, reserved 1179648K
  class space    used 16983K, committed 18112K, reserved 1048576K
}
Event: 54.894 GC heap before
{Heap before GC invocations=52 (full 0):
 garbage-first heap   total 189440K, used 170504K [0x00000000a0000000, 0x0000000100000000)
  region size 1024K, 54 young (55296K), 7 survivors (7168K)
 Metaspace       used 120919K, committed 123200K, reserved 1179648K
  class space    used 17054K, committed 18176K, reserved 1048576K
}
Event: 54.932 GC heap after
{Heap after GC invocations=53 (full 0):
 garbage-first heap   total 193536K, used 135349K [0x00000000a0000000, 0x0000000100000000)
  region size 1024K, 7 young (7168K), 7 survivors (7168K)
 Metaspace       used 120919K, committed 123200K, reserved 1179648K
  class space    used 17054K, committed 18176K, reserved 1048576K
}
Event: 56.933 GC heap before
{Heap before GC invocations=53 (full 0):
 garbage-first heap   total 193536K, used 173237K [0x00000000a0000000, 0x0000000100000000)
  region size 1024K, 44 young (45056K), 7 survivors (7168K)
 Metaspace       used 123364K, committed 125696K, reserved 1179648K
  class space    used 17312K, committed 18432K, reserved 1048576K
}
Event: 56.954 GC heap after
{Heap after GC invocations=54 (full 0):
 garbage-first heap   total 193536K, used 141126K [0x00000000a0000000, 0x0000000100000000)
  region size 1024K, 5 young (5120K), 5 survivors (5120K)
 Metaspace       used 123364K, committed 125696K, reserved 1179648K
  class space    used 17312K, committed 18432K, reserved 1048576K
}

Dll operation events (3 events):
Event: 0.026 Loaded shared library D:\Downloads\android-studio\jbr\bin\java.dll
Event: 0.046 Loaded shared library D:\Downloads\android-studio\jbr\bin\zip.dll
Event: 1.622 Loaded shared library D:\Downloads\android-studio\jbr\bin\verify.dll

Deoptimization events (20 events):
Event: 58.419 Thread 0x0000022728b2b7d0 Uncommon trap: trap_request=0xffffffc6 fr.pc=0x00000227103251a0 relative=0x0000000000001ec0
Event: 58.419 Thread 0x0000022728b2b7d0 Uncommon trap: reason=bimorphic_or_optimized_type_check action=maybe_recompile pc=0x00000227103251a0 method=com.sun.tools.javac.code.Types.capture(Lcom/sun/tools/javac/code/Type;)Lcom/sun/tools/javac/code/Type; @ 108 c2
Event: 58.419 Thread 0x0000022728b2b7d0 DEOPT PACKING pc=0x00000227103251a0 sp=0x000000eaebaf7c50
Event: 58.419 Thread 0x0000022728b2b7d0 DEOPT UNPACKING pc=0x000002270fba43a2 sp=0x000000eaebaf7c20 mode 2
Event: 58.419 Thread 0x0000022728b2b7d0 Uncommon trap: trap_request=0xffffffc6 fr.pc=0x00000227103251a0 relative=0x0000000000001ec0
Event: 58.419 Thread 0x0000022728b2b7d0 Uncommon trap: reason=bimorphic_or_optimized_type_check action=maybe_recompile pc=0x00000227103251a0 method=com.sun.tools.javac.code.Types.capture(Lcom/sun/tools/javac/code/Type;)Lcom/sun/tools/javac/code/Type; @ 108 c2
Event: 58.419 Thread 0x0000022728b2b7d0 DEOPT PACKING pc=0x00000227103251a0 sp=0x000000eaebaf8240
Event: 58.419 Thread 0x0000022728b2b7d0 DEOPT UNPACKING pc=0x000002270fba43a2 sp=0x000000eaebaf8210 mode 2
Event: 58.419 Thread 0x0000022728b2b7d0 Uncommon trap: trap_request=0xffffffc6 fr.pc=0x00000227103251a0 relative=0x0000000000001ec0
Event: 58.419 Thread 0x0000022728b2b7d0 Uncommon trap: reason=bimorphic_or_optimized_type_check action=maybe_recompile pc=0x00000227103251a0 method=com.sun.tools.javac.code.Types.capture(Lcom/sun/tools/javac/code/Type;)Lcom/sun/tools/javac/code/Type; @ 108 c2
Event: 58.419 Thread 0x0000022728b2b7d0 DEOPT PACKING pc=0x00000227103251a0 sp=0x000000eaebaf7c50
Event: 58.419 Thread 0x0000022728b2b7d0 DEOPT UNPACKING pc=0x000002270fba43a2 sp=0x000000eaebaf7c20 mode 2
Event: 58.588 Thread 0x0000022728b2b7d0 Uncommon trap: trap_request=0xffffffc6 fr.pc=0x0000022710a67640 relative=0x0000000000001620
Event: 58.588 Thread 0x0000022728b2b7d0 Uncommon trap: reason=bimorphic_or_optimized_type_check action=maybe_recompile pc=0x0000022710a67640 method=com.sun.tools.javac.comp.Check.checkType(Lcom/sun/tools/javac/util/JCDiagnostic$DiagnosticPosition;Lcom/sun/tools/javac/code/Type;Lcom/sun/tools/ja
Event: 58.588 Thread 0x0000022728b2b7d0 DEOPT PACKING pc=0x0000022710a67640 sp=0x000000eaebaf6790
Event: 58.588 Thread 0x0000022728b2b7d0 DEOPT UNPACKING pc=0x000002270fba43a2 sp=0x000000eaebaf6740 mode 2
Event: 58.608 Thread 0x0000022728b2b7d0 Uncommon trap: trap_request=0xffffffd6 fr.pc=0x000002271084f828 relative=0x00000000000003e8
Event: 58.608 Thread 0x0000022728b2b7d0 Uncommon trap: reason=array_check action=maybe_recompile pc=0x000002271084f828 method=java.util.LinkedHashMap.keysToArray([Ljava/lang/Object;Z)[Ljava/lang/Object; @ 67 c2
Event: 58.608 Thread 0x0000022728b2b7d0 DEOPT PACKING pc=0x000002271084f828 sp=0x000000eaebaf9060
Event: 58.608 Thread 0x0000022728b2b7d0 DEOPT UNPACKING pc=0x000002270fba43a2 sp=0x000000eaebaf9018 mode 2

Classes loaded (20 events):
Event: 52.874 Loading class java/time/DateTimeException
Event: 52.874 Loading class java/time/DateTimeException done
Event: 52.874 Loading class java/util/regex/PatternSyntaxException
Event: 52.874 Loading class java/util/regex/PatternSyntaxException done
Event: 52.875 Loading class java/time/temporal/TemporalAdjusters
Event: 52.875 Loading class java/time/temporal/TemporalAdjusters done
Event: 52.876 Loading class java/time/LocalDate$1
Event: 52.876 Loading class java/time/LocalDate$1 done
Event: 52.877 Loading class java/nio/file/SimpleFileVisitor
Event: 52.877 Loading class java/nio/file/SimpleFileVisitor done
Event: 52.878 Loading class java/nio/file/DirectoryIteratorException
Event: 52.878 Loading class java/nio/file/DirectoryIteratorException done
Event: 55.605 Loading class java/text/BreakIterator
Event: 55.605 Loading class java/text/BreakIterator done
Event: 55.710 Loading class java/lang/runtime/ObjectMethods
Event: 55.711 Loading class java/lang/runtime/ObjectMethods done
Event: 55.714 Loading class java/lang/runtime/ObjectMethods$1
Event: 55.714 Loading class java/lang/runtime/ObjectMethods$1 done
Event: 55.756 Loading class java/util/function/ToIntBiFunction
Event: 55.757 Loading class java/util/function/ToIntBiFunction done

Classes unloaded (0 events):
No events

Classes redefined (0 events):
No events

Internal exceptions (20 events):
Event: 57.969 Thread 0x0000022728b2b7d0 Exception <a 'sun/nio/fs/WindowsException'{0x00000000acb508a8}> (0x00000000acb508a8) 
thrown [s\src\hotspot\share\prims\jni.cpp, line 537]
Event: 58.055 Thread 0x0000022728b2b7d0 Exception <a 'sun/nio/fs/WindowsException'{0x00000000ac92bc80}> (0x00000000ac92bc80) 
thrown [s\src\hotspot\share\prims\jni.cpp, line 537]
Event: 58.073 Thread 0x0000022728b2b7d0 Exception <a 'sun/nio/fs/WindowsException'{0x00000000ac96b670}> (0x00000000ac96b670) 
thrown [s\src\hotspot\share\prims\jni.cpp, line 537]
Event: 58.149 Thread 0x0000022728b2b7d0 Exception <a 'sun/nio/fs/WindowsException'{0x00000000ac759b08}> (0x00000000ac759b08) 
thrown [s\src\hotspot\share\prims\jni.cpp, line 537]
Event: 58.236 Thread 0x0000022728b2b7d0 Exception <a 'sun/nio/fs/WindowsException'{0x00000000ac548058}> (0x00000000ac548058) 
thrown [s\src\hotspot\share\prims\jni.cpp, line 537]
Event: 58.251 Thread 0x0000022728b2b7d0 Exception <a 'sun/nio/fs/WindowsException'{0x00000000ac5a8658}> (0x00000000ac5a8658) 
thrown [s\src\hotspot\share\prims\jni.cpp, line 537]
Event: 58.300 Thread 0x0000022728b2b7d0 Exception <a 'sun/nio/fs/WindowsException'{0x00000000ac4fe170}> (0x00000000ac4fe170) 
thrown [s\src\hotspot\share\prims\jni.cpp, line 537]
Event: 58.306 Thread 0x0000022728b2b7d0 Exception <a 'sun/nio/fs/WindowsException'{0x00000000ac30b730}> (0x00000000ac30b730) 
thrown [s\src\hotspot\share\prims\jni.cpp, line 537]
Event: 58.316 Thread 0x0000022728b2b7d0 Exception <a 'sun/nio/fs/WindowsException'{0x00000000ac33b820}> (0x00000000ac33b820) 
thrown [s\src\hotspot\share\prims\jni.cpp, line 537]
Event: 58.367 Thread 0x0000022728b2b7d0 Exception <a 'sun/nio/fs/WindowsException'{0x00000000ac3df158}> (0x00000000ac3df158) 
thrown [s\src\hotspot\share\prims\jni.cpp, line 537]
Event: 58.385 Thread 0x0000022728b2b7d0 Exception <a 'sun/nio/fs/WindowsException'{0x00000000ac2784b8}> (0x00000000ac2784b8) 
thrown [s\src\hotspot\share\prims\jni.cpp, line 537]
Event: 58.405 Thread 0x0000022728b2b7d0 Exception <a 'sun/nio/fs/WindowsException'{0x00000000ac14cb48}> (0x00000000ac14cb48) 
thrown [s\src\hotspot\share\prims\jni.cpp, line 537]
Event: 58.485 Thread 0x0000022728b2b7d0 Exception <a 'sun/nio/fs/WindowsException'{0x00000000ac0e0a40}> (0x00000000ac0e0a40) 
thrown [s\src\hotspot\share\prims\jni.cpp, line 537]
Event: 58.489 Thread 0x0000022728b2b7d0 Exception <a 'sun/nio/fs/WindowsException'{0x00000000ac0f0d80}> (0x00000000ac0f0d80) 
thrown [s\src\hotspot\share\prims\jni.cpp, line 537]
Event: 58.500 Thread 0x0000022728b2b7d0 Exception <a 'sun/nio/fs/WindowsException'{0x00000000ac0fc078}> (0x00000000ac0fc078) 
thrown [s\src\hotspot\share\prims\jni.cpp, line 537]
Event: 58.506 Thread 0x0000022728b2b7d0 Exception <a 'sun/nio/fs/WindowsException'{0x00000000abf0cb00}> (0x00000000abf0cb00) 
thrown [s\src\hotspot\share\prims\jni.cpp, line 537]
Event: 58.521 Thread 0x0000022728b2b7d0 Exception <a 'sun/nio/fs/WindowsException'{0x00000000abf57110}> (0x00000000abf57110) 
thrown [s\src\hotspot\share\prims\jni.cpp, line 537]
Event: 58.537 Thread 0x0000022728b2b7d0 Exception <a 'sun/nio/fs/WindowsException'{0x00000000abf91c18}> (0x00000000abf91c18) 
thrown [s\src\hotspot\share\prims\jni.cpp, line 537]
Event: 58.631 Thread 0x0000022728b2b7d0 Exception <a 'sun/nio/fs/WindowsException'{0x00000000abc0d768}> (0x00000000abc0d768) 
thrown [s\src\hotspot\share\prims\jni.cpp, line 537]
Event: 58.653 Thread 0x0000022728b2b7d0 Exception <a 'sun/nio/fs/WindowsException'{0x00000000abc56360}> (0x00000000abc56360) 
thrown [s\src\hotspot\share\prims\jni.cpp, line 537]

ZGC Phase Switch (0 events):
No events

VM Operations (20 events):
Event: 56.525 Executing non-safepoint VM operation: HandshakeAllThreads (Deoptimize)
Event: 56.525 Executing non-safepoint VM operation: HandshakeAllThreads (Deoptimize) done
Event: 56.526 Executing safepoint VM operation: ICBufferFull
Event: 56.527 Executing safepoint VM operation: ICBufferFull done
Event: 56.713 Executing safepoint VM operation: ICBufferFull
Event: 56.713 Executing safepoint VM operation: ICBufferFull done
Event: 56.933 Executing safepoint VM operation: G1CollectForAllocation (G1 Evacuation Pause)
Event: 56.954 Executing safepoint VM operation: G1CollectForAllocation (G1 Evacuation Pause) done
Event: 57.255 Executing safepoint VM operation: G1PauseRemark
Event: 57.270 Executing safepoint VM operation: G1PauseRemark done
Event: 57.307 Executing non-safepoint VM operation: HandshakeAllThreads (Deoptimize)
Event: 57.307 Executing non-safepoint VM operation: HandshakeAllThreads (Deoptimize) done
Event: 57.416 Executing safepoint VM operation: G1PauseCleanup
Event: 57.426 Executing safepoint VM operation: G1PauseCleanup done
Event: 57.680 Executing safepoint VM operation: ICBufferFull
Event: 57.680 Executing safepoint VM operation: ICBufferFull done
Event: 57.932 Executing safepoint VM operation: ICBufferFull
Event: 57.933 Executing safepoint VM operation: ICBufferFull done
Event: 58.216 Executing safepoint VM operation: ICBufferFull
Event: 58.217 Executing safepoint VM operation: ICBufferFull done

Memory protections (0 events):
No events

Nmethod flushes (20 events):
Event: 57.267 Thread 0x000002271c2a7230 flushing  nmethod 0x0000022709153490
Event: 57.267 Thread 0x000002271c2a7230 flushing  nmethod 0x0000022709191890
Event: 57.267 Thread 0x000002271c2a7230 flushing  nmethod 0x0000022709192f10
Event: 57.267 Thread 0x000002271c2a7230 flushing  nmethod 0x0000022709196010
Event: 57.267 Thread 0x000002271c2a7230 flushing  nmethod 0x0000022709196f90
Event: 57.267 Thread 0x000002271c2a7230 flushing  nmethod 0x00000227091ae790
Event: 57.267 Thread 0x000002271c2a7230 flushing  nmethod 0x00000227091aeb10
Event: 57.267 Thread 0x000002271c2a7230 flushing  nmethod 0x00000227091b2890
Event: 57.267 Thread 0x000002271c2a7230 flushing  nmethod 0x00000227091f8790
Event: 57.267 Thread 0x000002271c2a7230 flushing  nmethod 0x00000227091f9090
Event: 57.267 Thread 0x000002271c2a7230 flushing  nmethod 0x0000022709224510
Event: 57.267 Thread 0x000002271c2a7230 flushing  nmethod 0x000002270922ed10
Event: 57.267 Thread 0x000002271c2a7230 flushing  nmethod 0x000002270922f110
Event: 57.267 Thread 0x000002271c2a7230 flushing  nmethod 0x0000022709230b10
Event: 57.267 Thread 0x000002271c2a7230 flushing  nmethod 0x000002270926b310
Event: 57.267 Thread 0x000002271c2a7230 flushing  nmethod 0x00000227093c7690
Event: 57.267 Thread 0x000002271c2a7230 flushing  nmethod 0x00000227098c0d90
Event: 57.267 Thread 0x000002271c2a7230 flushing  nmethod 0x00000227098c1510
Event: 57.267 Thread 0x000002271c2a7230 flushing  nmethod 0x000002270992db90
Event: 57.267 Thread 0x000002271c2a7230 flushing  nmethod 0x00000227099dfe10

Events (20 events):
Event: 45.752 Thread 0x000002271c3571f0 Thread added: 0x000002272852e180
Event: 46.662 Thread 0x00000227224af9f0 Thread added: 0x0000022728b2a420
Event: 46.678 Thread 0x0000022728b2a420 Thread added: 0x0000022728b2b7d0
Event: 46.678 Thread 0x0000022728b2a420 Thread added: 0x0000022728b2c4f0
Event: 46.678 Thread 0x0000022728b2a420 Thread added: 0x00000227218932c0
Event: 46.679 Thread 0x0000022728b2a420 Thread added: 0x000002272188ea90
Event: 46.680 Thread 0x0000022728b2a420 Thread added: 0x0000022721895390
Event: 46.680 Thread 0x0000022728b2a420 Thread added: 0x00000227218960b0
Event: 46.681 Thread 0x0000022728b2a420 Thread added: 0x000002272188f120
Event: 46.721 Thread 0x0000022728b2b7d0 Thread added: 0x0000022721894670
Event: 46.724 Thread 0x000002272852e180 Thread exited: 0x000002272852e180
Event: 46.735 Thread 0x000002272852dab0 Thread exited: 0x000002272852dab0
Event: 47.164 Thread 0x000002271c3384a0 Thread added: 0x000002272852dab0
Event: 47.807 Thread 0x000002271c3384a0 Thread added: 0x00000227247f1b10
Event: 49.162 Thread 0x0000022728b2b7d0 Thread added: 0x0000022724a412a0
Event: 50.732 Thread 0x00000227247f1b10 Thread exited: 0x00000227247f1b10
Event: 50.856 Thread 0x000002272852dab0 Thread exited: 0x000002272852dab0
Event: 51.891 Thread 0x000002271c3571f0 Thread added: 0x00000227247f06a0
Event: 51.892 Thread 0x000002271c3571f0 Thread added: 0x00000227247f43f0
Event: 55.825 Thread 0x00000227247f43f0 Thread exited: 0x00000227247f43f0


Dynamic libraries:
0x00007ff65aa70000 - 0x00007ff65aa7a000 	D:\Downloads\android-studio\jbr\bin\java.exe
0x0000022703120000 - 0x0000022703339000 	C:\WINDOWS\SYSTEM32\ntd1l.dll
0x0000022702c90000 - 0x0000022702d54000 	C:\WINDOWS\System32\kern3l32.dll
0x00007ffd824d0000 - 0x00007ffd826e9000 	C:\WINDOWS\SYSTEM32\ntdll.dll
0x00007ffd81b70000 - 0x00007ffd81c34000 	C:\WINDOWS\System32\KERNEL32.DLL
0x00007ffd7f6d0000 - 0x00007ffd7fa98000 	C:\WINDOWS\System32\KERNELBASE.dll
0x00007ffd7ee50000 - 0x00007ffd7f22b000 	C:\Program Files\SentinelOne\Sentinel Agent 25.1.3.334\InProcessClient64.dll
0x00007ffd815a0000 - 0x00007ffd81651000 	C:\WINDOWS\System32\ADVAPI32.dll
0x00007ffd80ea0000 - 0x00007ffd80f47000 	C:\WINDOWS\System32\msvcrt.dll
0x00007ffd7ee40000 - 0x00007ffd7ee4a000 	C:\WINDOWS\SYSTEM32\VERSION.dll
0x00007ffd80f50000 - 0x00007ffd80ff8000 	C:\WINDOWS\System32\sechost.dll
0x00007ffd7f6a0000 - 0x00007ffd7f6c8000 	C:\WINDOWS\System32\bcrypt.dll
0x00007ffd81660000 - 0x00007ffd81778000 	C:\WINDOWS\System32\RPCRT4.dll
0x00007ffd7feb0000 - 0x00007ffd7ffc1000 	C:\WINDOWS\System32\ucrtbase.dll
0x00007ffd4ada0000 - 0x00007ffd4adb8000 	D:\Downloads\android-studio\jbr\bin\jli.dll
0x00007ffd40850000 - 0x00007ffd4086b000 	D:\Downloads\android-studio\jbr\bin\VCRUNTIME140.dll
0x00007ffd81930000 - 0x00007ffd81ae1000 	C:\WINDOWS\System32\USER32.dll
0x00007ffd60ab0000 - 0x00007ffd60d4c000 	C:\WINDOWS\WinSxS\amd64_microsoft.windows.common-controls_6595b64144ccf1df_6.0.22621.6931_none_270fd4b77385a2c0\COMCTL32.dll
0x00007ffd7f5f0000 - 0x00007ffd7f616000 	C:\WINDOWS\System32\win32u.dll
0x00007ffd81da0000 - 0x00007ffd81dc9000 	C:\WINDOWS\System32\GDI32.dll
0x00007ffd80050000 - 0x00007ffd8016c000 	C:\WINDOWS\System32\gdi32full.dll
0x00007ffd7faa0000 - 0x00007ffd7fb3a000 	C:\WINDOWS\System32\msvcp_win.dll
0x00007ffd7ede0000 - 0x00007ffd7edeb000 	C:\WINDOWS\SYSTEM32\FLTLIB.DLL
0x00007ffd81440000 - 0x00007ffd81471000 	C:\WINDOWS\System32\IMM32.DLL
0x00007ffd4bf80000 - 0x00007ffd4bf8c000 	D:\Downloads\android-studio\jbr\bin\vcruntime140_1.dll
0x00007ffd13860000 - 0x00007ffd138ed000 	D:\Downloads\android-studio\jbr\bin\msvcp140.dll
0x00007ffcf8ae0000 - 0x00007ffcf9776000 	D:\Downloads\android-studio\jbr\bin\server\jvm.dll
0x00007ffd81af0000 - 0x00007ffd81b61000 	C:\WINDOWS\System32\WS2_32.dll
0x00007ffd7edf0000 - 0x00007ffd7ee3d000 	C:\WINDOWS\SYSTEM32\POWRPROF.dll
0x00007ffd71a70000 - 0x00007ffd71aa4000 	C:\WINDOWS\SYSTEM32\WINMM.dll
0x00007ffd7eb30000 - 0x00007ffd7eb43000 	C:\WINDOWS\SYSTEM32\UMPDC.dll
0x00007ffd7e0c0000 - 0x00007ffd7e0d8000 	C:\WINDOWS\SYSTEM32\kernel.appcore.dll
0x00007ffd4bb80000 - 0x00007ffd4bb8a000 	D:\Downloads\android-studio\jbr\bin\jimage.dll
0x00007ffd7c9d0000 - 0x00007ffd7cc03000 	C:\WINDOWS\SYSTEM32\DBGHELP.DLL
0x00007ffd81e30000 - 0x00007ffd821c2000 	C:\WINDOWS\System32\combase.dll
0x00007ffd81cb0000 - 0x00007ffd81d89000 	C:\WINDOWS\System32\OLEAUT32.dll
0x00007ffd62980000 - 0x00007ffd629b2000 	C:\WINDOWS\SYSTEM32\dbgcore.DLL
0x00007ffd7f620000 - 0x00007ffd7f69b000 	C:\WINDOWS\System32\bcryptPrimitives.dll
0x00007ffd4ad90000 - 0x00007ffd4ad9e000 	D:\Downloads\android-studio\jbr\bin\instrument.dll
0x00007ffd3c630000 - 0x00007ffd3c650000 	D:\Downloads\android-studio\jbr\bin\java.dll
0x00007ffd26c40000 - 0x00007ffd26cdf000 	C:\Program Files\SentinelOne\Sentinel Agent 25.1.3.334\SentinelJava64.dll
0x00007ffd82240000 - 0x00007ffd823e1000 	C:\WINDOWS\System32\ole32.dll
0x00007ffd3c610000 - 0x00007ffd3c628000 	D:\Downloads\android-studio\jbr\bin\zip.dll
0x00007ffd80170000 - 0x00007ffd80a0e000 	C:\WINDOWS\System32\SHELL32.dll
0x00007ffd7fc00000 - 0x00007ffd7fd3f000 	C:\WINDOWS\System32\wintypes.dll
0x00007ffd7cd80000 - 0x00007ffd7d693000 	C:\WINDOWS\SYSTEM32\windows.storage.dll
0x00007ffd81480000 - 0x00007ffd81584000 	C:\WINDOWS\System32\SHCORE.dll
0x00007ffd821d0000 - 0x00007ffd82239000 	C:\WINDOWS\System32\shlwapi.dll
0x00007ffd7f520000 - 0x00007ffd7f545000 	C:\WINDOWS\SYSTEM32\profapi.dll
0x00007ffd4b990000 - 0x00007ffd4b9a0000 	D:\Downloads\android-studio\jbr\bin\net.dll
0x00007ffd7e0e0000 - 0x00007ffd7e20c000 	C:\WINDOWS\SYSTEM32\WINHTTP.dll
0x00007ffd7e6a0000 - 0x00007ffd7e709000 	C:\WINDOWS\system32\mswsock.dll
0x00007ffd3c1f0000 - 0x00007ffd3c206000 	D:\Downloads\android-studio\jbr\bin\nio.dll
0x00007ffd69f90000 - 0x00007ffd69fa0000 	D:\Downloads\android-studio\jbr\bin\verify.dll
0x00007ffd35fe0000 - 0x00007ffd36007000 	C:\Users\poplawt\.gradle\native\660c5614fbf4a5f2a75b1949f50a0caf5cd603558e7d8a26e50b933a0cfb79d1\windows-amd64\native-platform.dll
0x00007ffd25240000 - 0x00007ffd252b7000 	C:\Users\poplawt\.gradle\native\0.2.8\x86_64-windows-gnu\gradle-fileevents.dll
0x00007ffd4b7f0000 - 0x00007ffd4b7f9000 	D:\Downloads\android-studio\jbr\bin\management.dll
0x00007ffd4b570000 - 0x00007ffd4b57b000 	D:\Downloads\android-studio\jbr\bin\management_ext.dll
0x00007ffd81590000 - 0x00007ffd81598000 	C:\WINDOWS\System32\PSAPI.DLL
0x00007ffd7d960000 - 0x00007ffd7d98d000 	C:\WINDOWS\SYSTEM32\IPHLPAPI.DLL
0x00007ffd81920000 - 0x00007ffd81929000 	C:\WINDOWS\System32\NSI.dll
0x00007ffd4b830000 - 0x00007ffd4b839000 	D:\Downloads\android-studio\jbr\bin\extnet.dll
0x00007ffd7ed30000 - 0x00007ffd7ed4b000 	C:\WINDOWS\SYSTEM32\CRYPTSP.dll
0x00007ffd7e020000 - 0x00007ffd7e057000 	C:\WINDOWS\system32\rsaenh.dll
0x00007ffd7e740000 - 0x00007ffd7e768000 	C:\WINDOWS\SYSTEM32\USERENV.dll
0x00007ffd7e990000 - 0x00007ffd7e99c000 	C:\WINDOWS\SYSTEM32\CRYPTBASE.dll
0x00007ffd39d00000 - 0x00007ffd39d08000 	C:\WINDOWS\system32\wshunix.dll

JVMTI agents:
C:\Users\poplawt\.gradle\wrapper\dists\gradle-9.4.1-bin\arn2x92ynaizyzdaamcbpbhtj\gradle-9.4.1\lib\agents\gradle-instrumentation-agent-9.4.1.jar path:D:\Downloads\android-studio\jbr\bin\instrument.dll, loaded, initialized, instrumentlib options:none
C:\Program Files\SentinelOne\Sentinel Agent 25.1.3.334\SentinelJava64.dll path:C:\Program Files\SentinelOne\Sentinel Agent 25.1.3.334\SentinelJava64.dll, loaded, initialized, options:extendedCapabilities

dbghelp: loaded successfully - version: 4.0.5 - missing functions: none
symbol engine: initialized successfully - sym options: 0x614 - pdb path: .;D:\Downloads\android-studio\jbr\bin;C:\WINDOWS\SYSTEM32;C:\Program Files\SentinelOne\Sentinel Agent 25.1.3.334;C:\WINDOWS\WinSxS\amd64_microsoft.windows.common-controls_6595b64144ccf1df_6.0.22621.6931_none_270fd4b77385a2c0;D:\Downloads\android-studio\jbr\bin\server;C:\Users\poplawt\.gradle\native\660c5614fbf4a5f2a75b1949f50a0caf5cd603558e7d8a26e50b933a0cfb79d1\windows-amd64;C:\Users\poplawt\.gradle\native\0.2.8\x86_64-windows-gnu

VM Arguments:
jvm_args: --add-opens=java.base/java.lang=ALL-UNNAMED --add-opens=java.base/java.lang.invoke=ALL-UNNAMED --add-opens=java.base/java.util=ALL-UNNAMED --add-opens=java.prefs/java.util.prefs=ALL-UNNAMED --add-exports=jdk.compiler/com.sun.tools.javac.api=ALL-UNNAMED --add-exports=jdk.compiler/com.sun.tools.javac.util=ALL-UNNAMED --add-opens=java.base/java.util=ALL-UNNAMED --add-opens=java.prefs/java.util.prefs=ALL-UNNAMED --add-opens=java.base/java.nio.charset=ALL-UNNAMED --add-opens=java.base/java.net=ALL-UNNAMED --add-opens=java.base/java.util.concurrent=ALL-UNNAMED --add-opens=java.base/java.util.concurrent.atomic=ALL-UNNAMED --add-opens=java.xml/javax.xml.namespace=ALL-UNNAMED --add-opens=java.base/java.time=ALL-UNNAMED -Xmx1536m -Dfile.encoding=UTF-8 -Duser.country=PL -Duser.language=pl -Duser.variant -javaagent:C:\Users\poplawt\.gradle\wrapper\dists\gradle-9.4.1-bin\arn2x92ynaizyzdaamcbpbhtj\gradle-9.4.1\lib\agents\gradle-instrumentation-agent-9.4.1.jar -agentpath:C:\Program Files\SentinelOne\Sentinel Agent 25.1.3.334\SentinelJava64.dll=extendedCapabilities 
java_command: org.gradle.launcher.daemon.bootstrap.GradleDaemon 9.4.1
java_class_path (initial): C:\Users\poplawt\.gradle\wrapper\dists\gradle-9.4.1-bin\arn2x92ynaizyzdaamcbpbhtj\gradle-9.4.1\lib\gradle-daemon-main-9.4.1.jar
Launcher Type: SUN_STANDARD

[Global flags]
     intx CICompilerCount                          = 4                                         {product} {ergonomic}
     uint ConcGCThreads                            = 2                                         {product} {ergonomic}
     uint G1ConcRefinementThreads                  = 8                                         {product} {ergonomic}
   size_t G1HeapRegionSize                         = 1048576                                   {product} {ergonomic}
    uintx GCDrainStackTargetSize                   = 64                                        {product} {ergonomic}
   size_t InitialHeapSize                          = 266338304                                 {product} {ergonomic}
   size_t MarkStackSize                            = 4194304                                   {product} {ergonomic}
   size_t MaxHeapSize                              = 1610612736                                {product} {command line}
   size_t MaxNewSize                               = 965738496                                 {product} {ergonomic}
   size_t MinHeapDeltaBytes                        = 1048576                                   {product} {ergonomic}
   size_t MinHeapSize                              = 8388608                                   {product} {ergonomic}
    uintx NonNMethodCodeHeapSize                   = 5839372                                {pd product} {ergonomic}
    uintx NonProfiledCodeHeapSize                  = 122909434                              {pd product} {ergonomic}
    uintx ProfiledCodeHeapSize                     = 122909434                              {pd product} {ergonomic}
    uintx ReservedCodeCacheSize                    = 251658240                              {pd product} {ergonomic}
     bool SegmentedCodeCache                       = true                                      {product} {ergonomic}
   size_t SoftMaxHeapSize                          = 1610612736                             {manageable} {ergonomic}
     bool UseCompressedOops                        = true                           {product lp64_product} {ergonomic}
     bool UseG1GC                                  = true                                      {product} {ergonomic}
     bool UseLargePagesIndividualAllocation        = false                                  {pd product} {ergonomic}

Logging:
Log output configuration:
 #0: stdout all=warning uptime,level,tags foldmultilines=false
 #1: stderr all=off uptime,level,tags foldmultilines=false

Release file:
JAVA_VERSION="21.0.10" 
MODULES="java.base java.compiler java.datatransfer java.xml java.prefs java.desktop java.instrument java.logging java.management java.security.sasl java.naming java.rmi java.management.rmi java.net.http java.scripting java.security.jgss java.transaction.xa java.sql java.sql.rowset java.xml.crypto java.se java.smartcardio jdk.accessibility jdk.internal.jvmstat jdk.attach jdk.charsets jdk.internal.opt jdk.zipfs jdk.compiler jdk.crypto.ec jdk.crypto.cryptoki jdk.dynalink jdk.hotspot.agent jdk.httpserver jdk.internal.ed jdk.internal.le jdk.internal.vm.ci jdk.jartool jdk.javadoc jdk.jcmd jdk.jdeps jdk.jdwp.agent jdk.jdi jdk.jfr jdk.jlink jdk.jsobject jdk.localedata jdk.management jdk.management.agent jdk.management.jfr jdk.naming.dns jdk.naming.rmi jdk.net jdk.sctp jdk.security.auth jdk.security.jgss jdk.unsupported jdk.unsupported.desktop jdk.xml.dom" 
IMPLEMENTOR="JetBrains s.r.o." 
JAVA_RUNTIME_VERSION="21.0.10+-14961533-b1163.108" 
LIBC="default" 
OS_ARCH="x86_64" 
OS_NAME="Windows" 
SOURCE=".:git:1351622c2ff2" 

Environment Variables:
JAVA_HOME=d:\Downloads\android-studio\jbr\
CLASSPATH=D:\Downloads\hackerskeyboard-master\\gradle\wrapper\gradle-wrapper.jar
PATH=C:\WINDOWS\system32;C:\WINDOWS;C:\WINDOWS\System32\Wbem;C:\WINDOWS\System32\WindowsPowerShell\v1.0\;C:\WINDOWS\System32\OpenSSH\;C:\Program Files\Intel\WiFi\bin\;C:\Program Files\Common Files\Intel\WirelessCommon\;C:\Users\poplawt\AppData\Local\Microsoft\WindowsApps;D:\Downloads\android-studio-SDK\platform-tools;D:\Downloads\android-studio-SDK\cmdline-tools\latest\bin;D:\Downloads\android-studio-SDK\build-tools\34.0.0;c:\gnuwin32\bin;C:\Users\poplawt\AppData\Local\Programs\Git\cmd
USERNAME=poplawt
OS=Windows_NT
PROCESSOR_IDENTIFIER=Intel64 Family 6 Model 142 Stepping 12, GenuineIntel
TMP=C:\Users\poplawt\AppData\Local\Temp
TEMP=C:\Users\poplawt\AppData\Local\Temp




Periodic native trim disabled

JNI global refs:
JNI global refs: 31, weak refs: 25

JNI global refs memory usage: 835, weak refs: 833

Process memory usage:
Resident Set Size: 589616K (3% of 16519128K total physical memory with 521804K free physical memory)

OOME stack traces (most recent first):
Classloader memory used:
Loader org.gradle.internal.classloader.VisitableURLClassLoader                         : 43222K
Loader bootstrap                                                                       : 28858K
Loader org.gradle.internal.classloader.VisitableURLClassLoader$InstrumentingVisitableURLClassLoader: 28817K
Loader org.gradle.initialization.MixInLegacyTypesClassLoader                           : 11444K
Loader jdk.internal.loader.ClassLoaders$AppClassLoader                                 : 10063K
Loader jdk.internal.loader.ClassLoaders$PlatformClassLoader                            : 661K
Loader jdk.internal.jrtfs.JrtFileSystemProvider$JrtFsLoader                            : 299K
Loader jdk.internal.reflect.DelegatingClassLoader                                      : 166K
Loader org.gradle.groovy.scripts.internal.DefaultScriptCompilationHandler$ScriptClassLoader: 148K
Loader org.gradle.internal.classloader.VisitableURLClassLoader                         : 92352B

Classes loaded by more than one classloader:
Class com.google.common.base.PairwiseEquivalence                                      : loaded 2 times (x 83B)
Class com.google.common.base.Equivalence$Identity                                     : loaded 2 times (x 82B)
Class com.google.common.collect.RegularImmutableMap$KeySet                            : loaded 2 times (x 152B)
Class org.gradle.internal.classloader.FilteringClassLoader                            : loaded 2 times (x 105B)
Class jdk.internal.jimage.BasicImageReader                                            : loaded 2 times (x 95B)
Class com.google.common.base.CharMatcher$IsEither                                     : loaded 2 times (x 111B)
Class org.gradle.internal.classloader.ClassLoaderHierarchy                            : loaded 2 times (x 70B)
Class com.google.common.collect.ImmutableEnumSet                                      : loaded 2 times (x 146B)
Class com.google.common.util.concurrent.ExecutionError                                : loaded 2 times (x 82B)
Class com.google.common.collect.ImmutableList$1                                       : loaded 2 times (x 97B)
Class com.google.common.collect.RegularImmutableMap                                   : loaded 2 times (x 121B)
Class com.google.common.collect.ImmutableMap$MapViewOfValuesAsSingletonSets           : loaded 2 times (x 126B)
Class [Lorg.objectweb.asm.Symbol;                                                     : loaded 2 times (x 69B)
Class org.objectweb.asm.ClassVisitor                                                  : loaded 2 times (x 88B)
Class com.google.common.collect.UnmodifiableListIterator                              : loaded 2 times (x 95B)
Class com.google.common.base.Platform$JdkPatternCompiler                              : loaded 2 times (x 75B)
Class org.objectweb.asm.MethodTooLargeException                                       : loaded 2 times (x 83B)
Class [Lcom.google.common.cache.CacheBuilder$OneWeigher;                              : loaded 2 times (x 69B)
Class com.google.common.base.Suppliers                                                : loaded 2 times (x 71B)
Class org.gradle.internal.classloader.DefaultClassLoaderFactory                       : loaded 2 times (x 82B)
Class [Lcom.google.common.collect.ImmutableMapEntry;                                  : loaded 2 times (x 69B)
Class com.google.common.collect.ListMultimap                                          : loaded 2 times (x 70B)
Class com.google.common.collect.ImmutableEnumMap                                      : loaded 2 times (x 126B)
Class com.google.common.collect.Sets$1                                                : loaded 2 times (x 139B)
Class org.objectweb.asm.AnnotationVisitor                                             : loaded 2 times (x 78B)
Class org.gradle.api.internal.DefaultClassPathProvider                                : loaded 2 times (x 76B)
Class com.google.common.collect.Sets$2                                                : loaded 2 times (x 139B)
Class [Lorg.gradle.api.internal.ClassPathProvider;                                    : loaded 2 times (x 69B)
Class org.gradle.api.internal.ClassPathProvider                                       : loaded 2 times (x 70B)
Class [Lorg.objectweb.asm.AnnotationVisitor;                                          : loaded 2 times (x 69B)
Class com.google.common.collect.Sets$3                                                : loaded 2 times (x 139B)
Class com.google.common.cache.LocalCache$LocalLoadingCache                            : loaded 2 times (x 134B)
Class org.gradle.internal.service.UnknownServiceException                             : loaded 2 times (x 83B)
Class com.google.common.collect.Sets$4                                                : loaded 2 times (x 139B)
Class org.objectweb.asm.ModuleVisitor                                                 : loaded 2 times (x 81B)
Class com.google.common.cache.LocalCache$Strength$1                                   : loaded 2 times (x 81B)
Class com.google.common.util.concurrent.SettableFuture                                : loaded 2 times (x 114B)
Class com.google.common.cache.LocalCache$Strength$2                                   : loaded 2 times (x 81B)
Class com.google.common.cache.LocalCache$Strength$3                                   : loaded 2 times (x 81B)
Class com.google.common.collect.MapDifference                                         : loaded 2 times (x 70B)
Class org.objectweb.asm.FieldWriter                                                   : loaded 2 times (x 78B)
Class com.google.common.cache.CacheBuilder$NullListener                               : loaded 2 times (x 82B)
Class org.gradle.internal.classpath.TransformedClassPath                              : loaded 2 times (x 96B)
Class org.gradle.internal.classloader.InstrumentingClassLoader                        : loaded 2 times (x 70B)
Class com.google.common.cache.CacheLoader$FunctionToCacheLoader                       : loaded 2 times (x 75B)
Class com.google.common.collect.Iterators$ArrayItr                                    : loaded 2 times (x 97B)
Class com.google.common.collect.ImmutableCollection$Builder                           : loaded 2 times (x 76B)
Class com.google.common.base.Joiner                                                   : loaded 2 times (x 79B)
Class com.google.common.base.MoreObjects                                              : loaded 2 times (x 71B)
Class com.google.common.collect.Platform                                              : loaded 2 times (x 71B)
Class [Lorg.objectweb.asm.Type;                                                       : loaded 2 times (x 69B)
Class com.google.common.collect.UnmodifiableIterator                                  : loaded 2 times (x 80B)
Class org.gradle.internal.service.ServiceLocator                                      : loaded 2 times (x 70B)
Class jdk.internal.jrtfs.JrtFileSystemProvider                                        : loaded 2 times (x 101B)
Class com.google.common.collect.SingletonImmutableBiMap                               : loaded 2 times (x 143B)
Class com.google.common.base.Ascii                                                    : loaded 2 times (x 71B)
Class com.google.common.cache.LocalCache$1                                            : loaded 2 times (x 89B)
Class com.google.common.collect.Iterators$SingletonIterator                           : loaded 2 times (x 81B)
Class com.google.common.collect.AbstractMapEntry                                      : loaded 2 times (x 81B)
Class com.google.common.collect.Sets$ImprovedAbstractSet                              : loaded 2 times (x 135B)
Class com.google.common.collect.ImmutableList$Builder                                 : loaded 2 times (x 77B)
Class com.google.common.collect.AbstractMultimap                                      : loaded 2 times (x 123B)
Class com.google.common.cache.LocalCache$2                                            : loaded 2 times (x 142B)
Class com.google.common.collect.RegularImmutableAsList                                : loaded 2 times (x 217B)
Class com.google.common.util.concurrent.AbstractFuture$Trusted                        : loaded 2 times (x 70B)
Class com.google.common.collect.Iterators                                             : loaded 2 times (x 71B)
Class jdk.internal.jimage.ImageLocation                                               : loaded 2 times (x 90B)
Class com.google.common.collect.Lists$StringAsImmutableList                           : loaded 2 times (x 207B)
Class com.google.common.util.concurrent.UncheckedExecutionException                   : loaded 2 times (x 82B)
Class jdk.internal.jimage.ImageBufferCache$1                                          : loaded 2 times (x 83B)
Class com.google.common.collect.AbstractMapBasedMultimap$KeySet$1                     : loaded 2 times (x 82B)
Class org.objectweb.asm.ClassWriter                                                   : loaded 2 times (x 106B)
Class com.google.common.cache.CacheLoader$UnsupportedLoadingOperationException        : loaded 2 times (x 82B)
Class com.google.common.base.CharMatcher$And                                          : loaded 2 times (x 112B)
Class jdk.internal.jimage.ImageBufferCache$2                                          : loaded 2 times (x 91B)
Class org.objectweb.asm.FieldVisitor                                                  : loaded 2 times (x 77B)
Class com.google.common.collect.IndexedImmutableSet                                   : loaded 2 times (x 152B)
Class com.google.common.collect.ImmutableMap$1                                        : loaded 2 times (x 81B)
Class com.google.common.collect.BiMap                                                 : loaded 2 times (x 70B)
Class org.gradle.api.internal.classpath.DefaultModuleRegistry$DefaultModule           : loaded 2 times (x 82B)
Class build_chbxzlcf7nznu3kj3tqvxucls$_run_closure1                                   : loaded 2 times (x 139B)
Class com.google.common.primitives.Ints                                               : loaded 2 times (x 71B)
Class com.google.common.collect.AbstractIterator                                      : loaded 2 times (x 82B)
Class com.google.common.collect.ObjectArrays                                          : loaded 2 times (x 71B)
Class com.google.common.math.MathPreconditions                                        : loaded 2 times (x 71B)
Class com.google.common.collect.Multiset                                              : loaded 2 times (x 70B)
Class com.google.common.collect.ArrayListMultimapGwtSerializationDependencies         : loaded 2 times (x 172B)
Class com.google.common.collect.AbstractIndexedListIterator                           : loaded 2 times (x 96B)
Class com.google.common.collect.ImmutableMapEntrySet                                  : loaded 2 times (x 152B)
Class org.gradle.api.internal.classpath.Module                                        : loaded 2 times (x 70B)
Class com.google.common.cache.Weigher                                                 : loaded 2 times (x 70B)
Class org.gradle.api.internal.classpath.UnknownModuleException                        : loaded 2 times (x 82B)
Class jdk.internal.jimage.ImageHeader                                                 : loaded 2 times (x 71B)
Class com.google.common.base.Stopwatch                                                : loaded 2 times (x 72B)
Class com.google.common.cache.LocalCache$Strength                                     : loaded 2 times (x 81B)
Class com.google.common.cache.Cache                                                   : loaded 2 times (x 70B)
Class com.google.common.util.concurrent.AbstractFuture$Cancellation                   : loaded 2 times (x 72B)
Class com.google.common.collect.ImmutableMap$Builder                                  : loaded 2 times (x 82B)
Class com.google.common.cache.RemovalListener                                         : loaded 2 times (x 70B)
Class org.gradle.api.internal.DefaultClassPathRegistry                                : loaded 2 times (x 76B)
Class com.google.common.primitives.IntsMethodsForWeb                                  : loaded 2 times (x 71B)
Class com.google.common.collect.Multimap                                              : loaded 2 times (x 70B)
Class org.gradle.internal.classpath.DefaultClassPath$ImmutableUniqueList              : loaded 2 times (x 199B)
Class org.gradle.api.internal.ClassPathRegistry                                       : loaded 2 times (x 70B)
Class com.google.common.cache.CacheBuilder                                            : loaded 2 times (x 72B)
Class com.google.common.collect.SingletonImmutableList                                : loaded 2 times (x 207B)
Class org.gradle.internal.classpath.ClassPath                                         : loaded 2 times (x 70B)
Class com.google.common.base.JdkPattern                                               : loaded 2 times (x 75B)
Class com.google.common.collect.ImmutableList$ReverseImmutableList                    : loaded 2 times (x 209B)
Class org.objectweb.asm.SymbolTable$Entry                                             : loaded 2 times (x 74B)
Class org.gradle.api.internal.classpath.DefaultModuleRegistry$DefaultModuleAlias      : loaded 2 times (x 80B)
Class jdk.internal.jimage.ImageStringsReader                                          : loaded 2 times (x 80B)
Class org.objectweb.asm.Edge                                                          : loaded 2 times (x 72B)
Class com.google.common.base.Suppliers$SupplierOfInstance                             : loaded 2 times (x 79B)
Class com.google.common.collect.Iterators$1                                           : loaded 2 times (x 81B)
Class com.google.common.cache.LocalCache$ComputingValueReference                      : loaded 2 times (x 96B)
Class com.google.common.collect.SingletonImmutableSet                                 : loaded 2 times (x 146B)
Class com.google.common.collect.ImmutableMap$IteratorBasedImmutableMap                : loaded 2 times (x 126B)
Class jdk.internal.jimage.ImageReader                                                 : loaded 2 times (x 75B)
Class com.google.common.cache.LocalCache$Segment                                      : loaded 2 times (x 154B)
Class jdk.internal.jimage.ImageReader$SharedImageReader                               : loaded 2 times (x 95B)
Class com.google.common.collect.AbstractListMultimap                                  : loaded 2 times (x 172B)
Class [Lorg.objectweb.asm.SymbolTable$Entry;                                          : loaded 2 times (x 69B)
Class com.google.common.cache.CacheLoader                                             : loaded 2 times (x 74B)
Class com.google.common.collect.Iterators$4                                           : loaded 2 times (x 82B)
Class com.google.common.collect.ImmutableBiMap                                        : loaded 2 times (x 143B)
Class org.gradle.api.internal.classpath.ModuleRegistry                                : loaded 2 times (x 70B)
Class org.gradle.internal.installation.GradleInstallation$1                           : loaded 2 times (x 75B)
Class com.google.common.collect.ImmutableSet$JdkBackedSetBuilderImpl                  : loaded 2 times (x 76B)
Class com.google.common.util.concurrent.internal.InternalFutureFailureAccess          : loaded 2 times (x 72B)
Class com.google.common.collect.Iterators$5                                           : loaded 2 times (x 82B)
Class com.google.common.cache.LocalCache$LocalManualCache$1                           : loaded 2 times (x 75B)
Class com.google.common.base.CharMatcher$ForPredicate                                 : loaded 2 times (x 112B)
Class jdk.internal.jimage.ImageReader$Node                                            : loaded 2 times (x 84B)
Class com.google.common.base.CharMatcher$AnyOf                                        : loaded 2 times (x 112B)
Class com.google.common.collect.ImmutableCollection                                   : loaded 2 times (x 125B)
Class org.gradle.api.internal.classpath.DefaultModuleRegistry                         : loaded 2 times (x 84B)
Class jdk.internal.jimage.BasicImageReader$1                                          : loaded 2 times (x 77B)
Class com.google.common.collect.Lists                                                 : loaded 2 times (x 71B)
Class com.google.common.util.concurrent.ListenableFuture                              : loaded 2 times (x 70B)
Class com.google.common.cache.ReferenceEntry                                          : loaded 2 times (x 70B)
Class com.google.common.base.Converter                                                : loaded 2 times (x 90B)
Class com.google.common.collect.ImmutableSet$CachingAsList                            : loaded 2 times (x 148B)
Class com.google.common.collect.AbstractMapBasedMultimap                              : loaded 2 times (x 139B)
Class com.google.common.util.concurrent.AbstractFuture                                : loaded 2 times (x 106B)
Class com.google.common.base.FunctionalEquivalence                                    : loaded 2 times (x 83B)
Class com.google.common.collect.Iterators$9                                           : loaded 2 times (x 81B)
Class com.google.common.collect.ImmutableAsList                                       : loaded 2 times (x 209B)
Class org.objectweb.asm.RecordComponentVisitor                                        : loaded 2 times (x 77B)
Class com.google.common.cache.CacheLoader$SupplierToCacheLoader                       : loaded 2 times (x 75B)
Class jdk.internal.jimage.decompressor.Decompressor                                   : loaded 2 times (x 72B)
Class org.gradle.internal.service.ServiceLookupException                              : loaded 2 times (x 82B)
Class com.google.common.collect.Lists$ReverseList                                     : loaded 2 times (x 200B)
Class [Lcom.google.common.cache.LocalCache$EntryFactory;                              : loaded 2 times (x 69B)
Class org.gradle.internal.classloader.ClassLoaderFactory                              : loaded 2 times (x 70B)
Class com.google.common.base.CommonPattern                                            : loaded 2 times (x 74B)
Class com.google.common.cache.LocalCache$LocalManualCache                             : loaded 2 times (x 99B)
Class com.google.common.base.CharMatcher$IsNot                                        : loaded 2 times (x 111B)
Class org.gradle.internal.service.CachingServiceLocator                               : loaded 2 times (x 82B)
Class com.google.common.collect.AbstractMapBasedMultimap$KeySet                       : loaded 2 times (x 137B)
Class com.google.common.math.IntMath                                                  : loaded 2 times (x 71B)
Class com.google.common.collect.ImmutableMapEntry                                     : loaded 2 times (x 85B)
Class com.google.common.base.Equivalence                                              : loaded 2 times (x 82B)
Class com.google.common.base.Function                                                 : loaded 2 times (x 70B)
Class com.google.common.collect.ImmutableMapEntry$NonTerminalImmutableMapEntry        : loaded 2 times (x 85B)
Class com.google.common.cache.CacheBuilder$OneWeigher                                 : loaded 2 times (x 82B)
Class com.google.common.collect.RegularImmutableList                                  : loaded 2 times (x 213B)
Class jdk.internal.jimage.ImageBufferCache                                            : loaded 2 times (x 71B)
Class jdk.internal.jrtfs.JrtPath                                                      : loaded 2 times (x 118B)
Class org.gradle.internal.classloader.ClasspathUtil                                   : loaded 2 times (x 71B)
Class com.google.common.util.concurrent.Uninterruptibles                              : loaded 2 times (x 71B)
Class com.google.common.util.concurrent.LazyLogger                                    : loaded 2 times (x 72B)
Class com.google.common.collect.Maps                                                  : loaded 2 times (x 71B)
Class org.gradle.api.specs.Spec                                                       : loaded 2 times (x 70B)
Class [Lcom.google.common.collect.ImmutableEntry;                                     : loaded 2 times (x 69B)
Class com.google.common.cache.LocalCache$LoadingValueReference                        : loaded 2 times (x 96B)
Class com.google.common.base.Platform                                                 : loaded 2 times (x 71B)
Class jdk.internal.jimage.ImageReader$Directory                                       : loaded 2 times (x 84B)
Class [Lorg.objectweb.asm.AnnotationWriter;                                           : loaded 2 times (x 69B)
Class com.google.common.collect.Maps$8                                                : loaded 2 times (x 82B)
Class com.google.common.collect.Lists$ReverseList$1                                   : loaded 2 times (x 99B)
Class com.google.common.collect.Sets$SetView                                          : loaded 2 times (x 138B)
Class com.google.common.cache.LocalCache$StrongValueReference                         : loaded 2 times (x 90B)
Class org.objectweb.asm.Type                                                          : loaded 2 times (x 72B)
Class org.gradle.internal.classloader.VisitableURLClassLoader$InstrumentingVisitableURLClassLoader: loaded 2 times (x 123B)
Class com.google.common.math.IntMath$1                                                : loaded 2 times (x 71B)
Class org.objectweb.asm.ByteVector                                                    : loaded 2 times (x 79B)
Class [Lcom.google.common.cache.CacheBuilder$NullListener;                            : loaded 2 times (x 69B)
Class build_axd4z40u60vys374r5t6s3awq$_run_closure1$_closure3                         : loaded 2 times (x 139B)
Class org.gradle.internal.classloader.VisitableURLClassLoader$Spec                    : loaded 2 times (x 74B)
Class org.gradle.internal.classpath.DefaultClassPath                                  : loaded 2 times (x 90B)
Class org.objectweb.asm.Symbol                                                        : loaded 2 times (x 73B)
Class com.google.common.base.CharMatcher$BitSetMatcher                                : loaded 2 times (x 112B)
Class com.google.common.collect.RegularImmutableMap$Values                            : loaded 2 times (x 207B)
Class com.google.common.collect.ImmutableSet                                          : loaded 2 times (x 145B)
Class org.gradle.internal.classloader.ClassLoaderSpec                                 : loaded 2 times (x 71B)
Class org.objectweb.asm.AnnotationWriter                                              : loaded 2 times (x 79B)
Class com.google.common.cache.CacheStats                                              : loaded 2 times (x 71B)
Class org.objectweb.asm.RecordComponentWriter                                         : loaded 2 times (x 78B)
Class com.google.common.util.concurrent.AbstractFuture$Listener                       : loaded 2 times (x 72B)
Class com.google.common.base.CharMatcher$Or                                           : loaded 2 times (x 112B)
Class settings_7cd5uft6619q4qq65ymfzfywi                                              : loaded 2 times (x 171B)
Class org.gradle.api.internal.classpath.Module$ModuleAlias                            : loaded 2 times (x 70B)
Class org.objectweb.asm.Attribute                                                     : loaded 2 times (x 77B)
Class com.google.common.base.Supplier                                                 : loaded 2 times (x 70B)
Class org.gradle.internal.classloader.VisitableURLClassLoader                         : loaded 2 times (x 117B)
Class org.gradle.internal.Cast                                                        : loaded 2 times (x 71B)
Class org.gradle.api.Action                                                           : loaded 2 times (x 70B)
Class com.google.common.base.Strings                                                  : loaded 2 times (x 71B)
Class com.google.common.collect.Sets                                                  : loaded 2 times (x 71B)
Class org.objectweb.asm.Handler                                                       : loaded 2 times (x 72B)
Class com.google.common.base.Ticker                                                   : loaded 2 times (x 72B)
Class com.google.common.base.CharMatcher$FastMatcher                                  : loaded 2 times (x 111B)
Class [Lcom.google.common.cache.LocalCache$Segment;                                   : loaded 2 times (x 69B)
Class [Lcom.google.common.cache.LocalCache$Strength;                                  : loaded 2 times (x 69B)
Class com.google.common.cache.CacheBuilder$1                                          : loaded 2 times (x 85B)
Class com.google.common.base.Predicate                                                : loaded 2 times (x 70B)
Class com.google.common.collect.ImmutableMap                                          : loaded 2 times (x 120B)
Class org.gradle.internal.classpath.DefaultClassPath$ImmutableUniqueList$Builder      : loaded 2 times (x 75B)
Class com.google.common.cache.LocalCache                                              : loaded 2 times (x 187B)
Class com.google.common.cache.CacheBuilder$2                                          : loaded 2 times (x 79B)
Class com.google.common.base.CharMatcher$NegatedFastMatcher                           : loaded 2 times (x 113B)
Class com.google.common.collect.ArrayListMultimap                                     : loaded 2 times (x 172B)
Class com.google.common.cache.CacheBuilder$3                                          : loaded 2 times (x 72B)
Class [Lcom.google.common.collect.AbstractMapEntry;                                   : loaded 2 times (x 69B)
Class com.google.common.collect.ImmutableEntry                                        : loaded 2 times (x 82B)
Class org.gradle.api.GradleException                                                  : loaded 2 times (x 82B)
Class jdk.internal.jimage.ImageStrings                                                : loaded 2 times (x 70B)
Class com.google.common.collect.CollectPreconditions                                  : loaded 2 times (x 71B)
Class com.google.common.collect.SortedMapDifference                                   : loaded 2 times (x 70B)
Class com.google.common.cache.LocalCache$EntryFactory                                 : loaded 2 times (x 83B)
Class com.google.common.cache.LocalCache$AbstractReferenceEntry                       : loaded 2 times (x 107B)
Class org.gradle.internal.IoActions                                                   : loaded 2 times (x 71B)
Class org.objectweb.asm.SymbolTable                                                   : loaded 2 times (x 72B)
Class com.google.common.cache.CacheLoader$InvalidCacheLoadException                   : loaded 2 times (x 82B)
Class com.google.common.collect.ImmutableSet$RegularSetBuilderImpl                    : loaded 2 times (x 77B)
Class com.google.common.cache.LocalCache$StrongEntry                                  : loaded 2 times (x 108B)
Class com.google.common.util.concurrent.AbstractFuture$TrustedFuture                  : loaded 2 times (x 114B)
Class com.google.common.cache.LoadingCache                                            : loaded 2 times (x 70B)
Class jdk.internal.jrtfs.JrtFileSystem                                                : loaded 2 times (x 102B)
Class org.objectweb.asm.MethodWriter                                                  : loaded 2 times (x 106B)
Class [Lcom.google.common.cache.Weigher;                                              : loaded 2 times (x 69B)
Class com.google.common.collect.RegularImmutableMap$BucketOverflowException           : loaded 2 times (x 82B)
Class com.google.common.collect.RegularImmutableBiMap                                 : loaded 2 times (x 149B)
Class com.google.common.cache.LocalCache$ValueReference                               : loaded 2 times (x 70B)
Class com.google.common.base.CharMatcher$Negated                                      : loaded 2 times (x 113B)
Class com.google.common.base.CharMatcher$Is                                           : loaded 2 times (x 111B)
Class com.google.common.base.PatternCompiler                                          : loaded 2 times (x 70B)
Class com.google.common.util.concurrent.AbstractFuture$Failure                        : loaded 2 times (x 72B)
Class com.google.common.base.Equivalence$Equals                                       : loaded 2 times (x 82B)
Class com.google.common.collect.Hashing                                               : loaded 2 times (x 71B)
Class com.google.common.base.Preconditions                                            : loaded 2 times (x 71B)
Class com.google.common.base.Joiner$1                                                 : loaded 2 times (x 80B)
Class org.objectweb.asm.Label                                                         : loaded 2 times (x 73B)
Class org.objectweb.asm.CurrentFrame                                                  : loaded 2 times (x 73B)
Class org.objectweb.asm.ClassTooLargeException                                        : loaded 2 times (x 83B)
Class com.google.common.base.CharMatcher                                              : loaded 2 times (x 111B)
Class com.google.common.collect.PeekingIterator                                       : loaded 2 times (x 70B)
Class build_axd4z40u60vys374r5t6s3awq$_run_closure1                                   : loaded 2 times (x 139B)
Class com.google.common.base.Joiner$2                                                 : loaded 2 times (x 79B)
Class org.objectweb.asm.Frame                                                         : loaded 2 times (x 73B)
Class org.objectweb.asm.MethodVisitor                                                 : loaded 2 times (x 105B)
Class com.google.common.cache.LocalCache$EntryFactory$1                               : loaded 2 times (x 83B)
Class [Lcom.google.common.cache.RemovalListener;                                      : loaded 2 times (x 69B)
Class com.google.common.base.CharMatcher$NamedFastMatcher                             : loaded 2 times (x 112B)
Class com.google.common.base.CharMatcher$1                                            : loaded 2 times (x 113B)
Class com.google.common.cache.LocalCache$EntryFactory$2                               : loaded 2 times (x 83B)
Class org.objectweb.asm.ModuleWriter                                                  : loaded 2 times (x 82B)
Class com.google.common.cache.LocalCache$EntryFactory$3                               : loaded 2 times (x 83B)
Class com.google.common.base.Ticker$1                                                 : loaded 2 times (x 72B)
Class com.google.common.collect.Maps$BiMapConverter                                   : loaded 2 times (x 90B)
Class com.google.common.collect.ImmutableMapEntrySet$RegularEntrySet                  : loaded 2 times (x 152B)
Class com.google.common.collect.ImmutableSet$Builder                                  : loaded 2 times (x 85B)
Class com.google.common.cache.LocalCache$EntryFactory$4                               : loaded 2 times (x 83B)
Class com.google.common.base.CharMatcher$InRange                                      : loaded 2 times (x 111B)
Class com.google.common.cache.LocalCache$EntryFactory$5                               : loaded 2 times (x 83B)
Class com.google.common.cache.LocalCache$EntryFactory$6                               : loaded 2 times (x 83B)
Class org.gradle.internal.installation.CurrentGradleInstallationLocator               : loaded 2 times (x 71B)
Class com.google.common.collect.Maps$KeySet                                           : loaded 2 times (x 137B)
Class com.google.common.collect.ImmutableSet$EmptySetBuilderImpl                      : loaded 2 times (x 76B)
Class com.google.common.cache.LocalCache$EntryFactory$7                               : loaded 2 times (x 83B)
Class com.google.common.collect.ImmutableList                                         : loaded 2 times (x 206B)
Class build_axd4z40u60vys374r5t6s3awq                                                 : loaded 2 times (x 172B)
Class org.gradle.internal.service.DefaultServiceLocator                               : loaded 2 times (x 83B)
Class com.google.common.cache.LocalCache$EntryFactory$8                               : loaded 2 times (x 83B)
Class com.google.common.collect.ImmutableSet$SetBuilderImpl                           : loaded 2 times (x 76B)
Class org.gradle.internal.installation.CurrentGradleInstallation                      : loaded 2 times (x 73B)
Class com.google.common.cache.CacheLoader$1                                           : loaded 2 times (x 75B)
Class com.google.common.collect.ImmutableList$SubList                                 : loaded 2 times (x 209B)
Class org.gradle.util.internal.GUtil                                                  : loaded 2 times (x 71B)
Class com.google.common.cache.AbstractCache$StatsCounter                              : loaded 2 times (x 70B)
Class com.google.common.collect.Iterators$MergingIterator                             : loaded 2 times (x 81B)
Class com.google.common.collect.RegularImmutableSet                                   : loaded 2 times (x 149B)
Class org.gradle.internal.installation.GradleInstallation                             : loaded 2 times (x 75B)
Class build_chbxzlcf7nznu3kj3tqvxucls                                                 : loaded 2 times (x 172B)
Class com.google.common.collect.Iterables                                             : loaded 2 times (x 71B)
Class com.google.common.collect.Lists$RandomAccessReverseList                         : loaded 2 times (x 200B)

---------------  S Y S T E M  ---------------

OS:
 Windows 11 , 64 bit Build 22621 (10.0.22621.6931)
OS uptime: 2 days 11:16 hours
Hyper-V role detected

CPU: total 8 (initial active 8) (4 cores per cpu, 2 threads per core) family 6 model 142 stepping 12 microcode 0x100, cx8, cmov, fxsr, ht, mmx, 3dnowpref, sse, sse2, sse3, ssse3, sse4.1, sse4.2, popcnt, lzcnt, tsc, tscinvbit, avx, avx2, aes, erms, clmul, bmi1, bmi2, adx, fma, vzeroupper, clflush, clflushopt, hv, rdtscp, f16c
Processor Information for the first 8 processors :
  Max Mhz: 1992, Current Mhz: 796, Mhz Limit: 796

Memory: 4k page, system-wide physical 16131M (512M free)
TotalPageFile size 28131M (AvailPageFile size 20M)
current process WorkingSet (physical memory assigned to process): 575M, peak: 579M
current process commit charge ("private bytes"): 629M, peak: 634M

vm_info: OpenJDK 64-Bit Server VM (21.0.10+-14961533-b1163.108) for windows-amd64 JRE (21.0.10+-14961533-b1163.108), built on 2026-03-02T19:58:50Z by "builder" with MS VC++ 16.10 / 16.11 (VS2019)

END.
